id,품목,제품종류,제품명,각도,문체,text,애매표시,사전엔진_유형,인코더_걸림,인코더_유형,인코더_최고확률,판독(사람),메모
food-001,식품,그래놀라,아침곡간 그래놀라,사용 장면,명사형,우유에 부어 먹는 아침 식탁의 그래놀라,,,Y,거짓_과장,0.47,,
food-002,식품,그래놀라,아침곡간 그래놀라,사용 장면,해요체,출근 전 요거트 위에 한 줌 올려 먹어요,,,,,0.32,,
food-003,식품,그래놀라,아침곡간 그래놀라,사용 장면,권유형,주말 브런치 접시에 곁들여 보세요,,,Y,거짓_과장 소비자_기만,0.65,,
food-004,식품,그래놀라,아침곡간 그래놀라,사용 장면,구호형,"그릇 하나, 우유 한 컵. 아침 준비 끝.",,,Y,거짓_과장,0.47,,
food-005,식품,그래놀라,아침곡간 그래놀라,감각,명사형,오븐에 구워 바삭하게 씹히는 귀리 그래놀라,,,Y,거짓_과장,0.57,,
food-006,식품,그래놀라,아침곡간 그래놀라,감각,해요체,씹을수록 구운 곡물 향이 고소하게 퍼져요,,,Y,거짓_과장,0.49,,
food-007,식품,그래놀라,아침곡간 그래놀라,감각,권유형,우유에 잠기기 전 바삭한 식감을 먼저 느껴 보세요,,,,,0.3,,
food-008,식품,그래놀라,아침곡간 그래놀라,감각,구호형,"바삭한 소리, 고소한 뒷맛.",,,Y,거짓_과장,0.72,,
food-009,식품,그래놀라,아침곡간 그래놀라,원료 이야기,명사형,"통귀리와 아몬드, 건크랜베리를 담은 그래놀라",,,Y,거짓_과장,0.78,,
food-010,식품,그래놀라,아침곡간 그래놀라,원료 이야기,해요체,귀리에 메이플 시럽을 입혀 구웠어요,,,Y,거짓_과장 소비자_기만,0.57,,
food-011,식품,그래놀라,아침곡간 그래놀라,원료 이야기,권유형,봉지 속 호박씨와 코코넛 칩을 찾아 보세요,,,Y,거짓_과장 소비자_기만,0.62,,
food-012,식품,그래놀라,아침곡간 그래놀라,원료 이야기,구호형,"귀리 한 알, 아몬드 한 조각.",,,Y,거짓_과장,0.68,,
food-013,식품,그래놀라,아침곡간 그래놀라,대상,명사형,직장인을 위한 아침 한 그릇 그래놀라,,,Y,거짓_과장,0.52,,
food-014,식품,그래놀라,아침곡간 그래놀라,대상,해요체,바삭한 간식을 찾는 아이와 함께 먹기 좋아요,,,,,0.35,,
food-015,식품,그래놀라,아침곡간 그래놀라,대상,권유형,캠핑 가는 날 아침거리로 챙겨 보세요,,,Y,소비자_기만,0.77,,
food-016,식품,그래놀라,아침곡간 그래놀라,대상,구호형,"바쁜 아침에도, 느긋한 주말에도.",,,Y,거짓_과장 소비자_기만,0.53,,
food-017,식품,그래놀라,아침곡간 그래놀라,제품 사실,명사형,지퍼백에 담긴 400g 대용량 그래놀라,,,Y,거짓_과장 소비자_기만,0.61,,
food-018,식품,그래놀라,아침곡간 그래놀라,제품 사실,해요체,먹고 남은 건 지퍼를 닫아 서늘한 곳에 두어요,,,,,0.32,,
food-019,식품,그래놀라,아침곡간 그래놀라,제품 사실,권유형,개봉 뒤에는 밀봉해서 실온에 보관해 보세요,,,Y,거짓_과장 소비자_기만,0.6,,
food-020,식품,그래놀라,아침곡간 그래놀라,제품 사실,구호형,"400g 한 봉, 지퍼로 여닫기.",,,Y,거짓_과장 소비자_기만,0.73,,
food-021,식품,과일주스,볕든뜰 사과주스,사용 장면,명사형,아침 토스트 옆에 놓는 사과주스 한 잔,,,Y,소비자_기만,0.64,,
food-022,식품,과일주스,볕든뜰 사과주스,사용 장면,해요체,소풍 도시락 가방에 한 병씩 넣어 가요,,,Y,소비자_기만,0.51,,
food-023,식품,과일주스,볕든뜰 사과주스,사용 장면,권유형,얼음 채운 컵에 따라 오후에 마셔 보세요,,,,,0.46,,
food-024,식품,과일주스,볕든뜰 사과주스,사용 장면,구호형,"식탁 위 한 병, 나들이 가방에 한 병.",,,,,0.31,,
food-025,식품,과일주스,볕든뜰 사과주스,감각,명사형,새콤한 첫맛 뒤에 단맛이 따라오는 사과주스,,,Y,거짓_과장 소비자_기만,0.67,,
food-026,식품,과일주스,볕든뜰 사과주스,감각,해요체,뚜껑을 열면 사과 향이 먼저 올라와요,,,Y,거짓_과장,0.68,,
food-027,식품,과일주스,볕든뜰 사과주스,감각,권유형,차갑게 식혀 새콤달콤한 맛을 즐겨 보세요,,,Y,거짓_과장,0.45,,
food-028,식품,과일주스,볕든뜰 사과주스,감각,구호형,"새콤하게 시작, 달콤하게 마무리.",,,Y,거짓_과장 소비자_기만,0.78,,
food-029,식품,과일주스,볕든뜰 사과주스,원료 이야기,명사형,사과를 짜서 병에 담은 볕든뜰 사과주스,,,Y,거짓_과장,0.5,,
food-030,식품,과일주스,볕든뜰 사과주스,원료 이야기,해요체,사과즙에 레몬즙을 조금 더해 만들었어요,,,,,0.29,,
food-031,식품,과일주스,볕든뜰 사과주스,원료 이야기,권유형,병 뒷면에서 원재료 이름을 읽어 보세요,,,,,0.4,,
food-032,식품,과일주스,볕든뜰 사과주스,원료 이야기,구호형,"사과를 짜고, 병에 담고.",,,Y,거짓_과장,0.42,,
food-033,식품,과일주스,볕든뜰 사과주스,대상,명사형,탄산이 낯선 어린이 손님을 위한 음료,,,Y,거짓_과장,0.43,,
food-034,식품,과일주스,볕든뜰 사과주스,대상,해요체,과일 맛 음료를 즐기는 가족에게 어울려요,,,,,0.2,,
food-035,식품,과일주스,볕든뜰 사과주스,대상,권유형,집들이 상차림에 음료로 올려 보세요,,,Y,거짓_과장 소비자_기만,0.56,,
food-036,식품,과일주스,볕든뜰 사과주스,대상,구호형,"아이 컵에도, 어른 잔에도.",,,Y,거짓_과장,0.51,,
food-037,식품,과일주스,볕든뜰 사과주스,제품 사실,명사형,190ml 유리병 여섯 개가 든 한 상자,,,Y,거짓_과장,0.63,,
food-038,식품,과일주스,볕든뜰 사과주스,제품 사실,해요체,개봉한 뒤에는 냉장고에 넣어 두고 마셔요,,,Y,소비자_기만,0.69,,
food-039,식품,과일주스,볕든뜰 사과주스,제품 사실,권유형,마시기 전에 병을 한 번 흔들어 보세요,,,,,0.41,,
food-040,식품,과일주스,볕든뜰 사과주스,제품 사실,구호형,"190ml 한 병, 돌려 여는 뚜껑.",,,Y,거짓_과장,0.67,,
food-041,식품,두부,새벽콩집 두부,사용 장면,명사형,저녁 된장찌개에 썰어 넣는 두부 한 모,,,,,0.39,,
food-042,식품,두부,새벽콩집 두부,사용 장면,해요체,반찬이 마땅치 않은 날 들기름에 부쳐 먹어요,,,,,0.28,,
food-043,식품,두부,새벽콩집 두부,사용 장면,권유형,김치와 함께 접시에 올려 두부김치로 내 보세요,,,Y,거짓_과장 소비자_기만,0.63,,
food-044,식품,두부,새벽콩집 두부,사용 장면,구호형,"찌개에 반 모, 부침에 반 모.",,,Y,거짓_과장,0.47,,
food-045,식품,두부,새벽콩집 두부,감각,명사형,숟가락으로 뜨면 보들보들 떨리는 두부,,,Y,거짓_과장,0.44,,
food-046,식품,두부,새벽콩집 두부,감각,해요체,노릇하게 구우면 겉은 쫄깃하고 속은 촉촉해요,,,Y,거짓_과장,0.55,,
food-047,식품,두부,새벽콩집 두부,감각,권유형,간장 한 방울만 찍어 콩의 고소함을 느껴 보세요,,,Y,소비자_기만,0.55,,
food-048,식품,두부,새벽콩집 두부,감각,구호형,"겉은 노릇하게, 속은 부드럽게.",,,Y,거짓_과장 소비자_기만,0.62,,
food-049,식품,두부,새벽콩집 두부,원료 이야기,명사형,불린 콩을 갈아 간수로 굳힌 두부,,,Y,거짓_과장,0.6,,
food-050,식품,두부,새벽콩집 두부,원료 이야기,해요체,콩물을 끓여 틀에 붓고 눌러서 만들어요,,,,,0.35,,
food-051,식품,두부,새벽콩집 두부,원료 이야기,권유형,포장 뒷면에서 콩과 간수 표기를 확인해 보세요,,,Y,거짓_과장,0.61,,
food-052,식품,두부,새벽콩집 두부,원료 이야기,구호형,"콩을 갈고, 간수로 굳히고.",,,Y,거짓_과장,0.81,,
food-053,식품,두부,새벽콩집 두부,대상,명사형,요리를 막 시작한 자취생의 냉장고 단골 재료,,,Y,거짓_과장,0.73,,
food-054,식품,두부,새벽콩집 두부,대상,해요체,채소 반찬을 즐기는 식구의 접시에도 잘 어울려요,,,,,0.29,,
food-055,식품,두부,새벽콩집 두부,대상,권유형,어린 아이 반찬으로 간장에 부드럽게 조려 보세요,,,,,0.37,,
food-056,식품,두부,새벽콩집 두부,대상,구호형,"혼자 먹는 저녁에도, 여럿이 먹는 전골에도.",,,Y,거짓_과장,0.46,,
food-057,식품,두부,새벽콩집 두부,제품 사실,명사형,물과 함께 팩에 담긴 300g 부침용 두부,,,Y,거짓_과장,0.53,,
food-058,식품,두부,새벽콩집 두부,제품 사실,해요체,남은 두부는 물에 담가 냉장고에 넣어 둬요,,,,,0.4,,
food-059,식품,두부,새벽콩집 두부,제품 사실,권유형,부치기 전에 키친타월로 물기를 닦아 보세요,,,Y,거짓_과장,0.52,,
food-060,식품,두부,새벽콩집 두부,제품 사실,구호형,"300g 한 모, 냉장 보관.",,,Y,거짓_과장 소비자_기만,0.51,,
food-061,식품,달걀,아침둥지 달걀,사용 장면,명사형,아침 프라이팬 위에 올리는 달걀 두 알,,,Y,거짓_과장,0.47,,
food-062,식품,달걀,아침둥지 달걀,사용 장면,해요체,라면이 끓을 때 한 알 톡 깨서 넣어요,,,,,0.29,,
food-063,식품,달걀,아침둥지 달걀,사용 장면,권유형,김밥 싸는 날 지단으로 얇게 부쳐 보세요,,,Y,거짓_과장,0.51,,
food-064,식품,달걀,아침둥지 달걀,사용 장면,구호형,"아침엔 프라이, 저녁엔 계란찜.",,,,,0.41,,
food-065,식품,달걀,아침둥지 달걀,감각,명사형,반숙으로 익혀 노른자가 흐르는 달걀,,,Y,거짓_과장,0.64,,
food-066,식품,달걀,아침둥지 달걀,감각,해요체,삶아서 소금에 찍으면 고소한 맛이 올라와요,,,,,0.38,,
food-067,식품,달걀,아침둥지 달걀,감각,권유형,버터에 천천히 저어 몽글한 스크램블로 즐겨 보세요,,,Y,거짓_과장 소비자_기만,0.52,,
food-068,식품,달걀,아침둥지 달걀,감각,구호형,"흰자는 탱글하게, 노른자는 촉촉하게.",,,Y,거짓_과장,0.72,,
food-069,식품,달걀,아침둥지 달걀,원료 이야기,명사형,껍데기째 세척해 한 판에 담은 달걀,Y,,Y,거짓_과장,0.49,,
food-070,식품,달걀,아침둥지 달걀,원료 이야기,해요체,크기를 골라 한 판에 가지런히 담았어요,Y,,,,0.49,,
food-071,식품,달걀,아침둥지 달걀,원료 이야기,권유형,껍데기에 찍힌 산란일자를 확인해 보세요,,,Y,거짓_과장 소비자_기만,0.59,,
food-072,식품,달걀,아침둥지 달걀,원료 이야기,구호형,"갈색 껍데기, 노란 노른자.",Y,,Y,거짓_과장,0.7,,
food-073,식품,달걀,아침둥지 달걀,대상,명사형,도시락 반찬을 고민하는 부모의 기본 재료,,,Y,거짓_과장,0.74,,
food-074,식품,달걀,아침둥지 달걀,대상,해요체,베이킹을 즐기는 분의 반죽에 빠지지 않아요,,,Y,거짓_과장,0.59,,
food-075,식품,달걀,아침둥지 달걀,대상,권유형,혼자 지내는 분이라면 10구 한 판으로 시작해 보세요,,,Y,거짓_과장,0.49,,
food-076,식품,달걀,아침둥지 달걀,대상,구호형,"요리 초보도, 집밥 고수도.",,,Y,거짓_과장,0.59,,
food-077,식품,달걀,아침둥지 달걀,제품 사실,명사형,종이 판에 담긴 대란 10구 한 판,,,Y,거짓_과장 소비자_기만,0.66,,
food-078,식품,달걀,아침둥지 달걀,제품 사실,해요체,뾰족한 쪽을 아래로 두고 냉장고에 넣어요,,,Y,거짓_과장,0.54,,
food-079,식품,달걀,아침둥지 달걀,제품 사실,권유형,끓는 물에 7분 삶아 반숙으로 꺼내 보세요,,,,,0.36,,
food-080,식품,달걀,아침둥지 달걀,제품 사실,구호형,"10구 한 판, 냉장고 문 대신 안쪽 칸에.",,,Y,거짓_과장,0.74,,
food-081,식품,식빵,결고운 우유식빵,사용 장면,명사형,토스터에서 튀어 오르는 아침 식빵 두 장,,,Y,거짓_과장,0.42,,
food-082,식품,식빵,결고운 우유식빵,사용 장면,해요체,일요일 점심에는 햄과 치즈를 끼워 먹어요,,,,,0.28,,
food-083,식품,식빵,결고운 우유식빵,사용 장면,권유형,달걀물에 적셔 프렌치토스트로 구워 보세요,,,,,0.23,,
food-084,식품,식빵,결고운 우유식빵,사용 장면,구호형,"구워서 한 장, 그대로 한 장.",,,,,0.5,,
food-085,식품,식빵,결고운 우유식빵,감각,명사형,손으로 찢으면 결대로 뜯기는 우유식빵,,,Y,거짓_과장,0.55,,
food-086,식품,식빵,결고운 우유식빵,감각,해요체,구우면 겉이 바삭해지고 버터 향이 올라와요,,,Y,거짓_과장,0.52,,
food-087,식품,식빵,결고운 우유식빵,감각,권유형,잼을 바르기 전에 빵만 한 입 먹어 보세요,,,,,0.31,,
food-088,식품,식빵,결고운 우유식빵,감각,구호형,"폭신한 속, 노릇한 테두리.",,,Y,거짓_과장,0.9,,
food-089,식품,식빵,결고운 우유식빵,원료 이야기,명사형,"밀가루와 우유, 버터로 반죽한 식빵",,,Y,거짓_과장,0.42,,
food-090,식품,식빵,결고운 우유식빵,원료 이야기,해요체,물 대신 우유를 넣어 반죽했어요,,,,,0.48,,
food-091,식품,식빵,결고운 우유식빵,원료 이야기,권유형,반죽에 들어간 버터의 풍미를 느껴 보세요,,,Y,소비자_기만,0.57,,
food-092,식품,식빵,결고운 우유식빵,원료 이야기,구호형,"우유로 반죽하고, 틀에 넣어 굽고.",,,Y,거짓_과장,0.49,,
food-093,식품,식빵,결고운 우유식빵,대상,명사형,샌드위치를 자주 만드는 집의 기본 빵,,,Y,거짓_과장,0.78,,
food-094,식품,식빵,결고운 우유식빵,대상,해요체,간단한 아침을 차리는 맞벌이 부부에게 어울려요,,,,,0.24,,
food-095,식품,식빵,결고운 우유식빵,대상,권유형,아이 간식으로 테두리를 잘라 돌돌 말아 보세요,,,Y,거짓_과장,0.7,,
food-096,식품,식빵,결고운 우유식빵,대상,구호형,"토스트 좋아하는 사람, 여기 모여요.",,,Y,소비자_기만,0.54,,
food-097,식품,식빵,결고운 우유식빵,제품 사실,명사형,열두 장으로 썰어 담은 420g 한 봉,,,Y,소비자_기만,0.52,,
food-098,식품,식빵,결고운 우유식빵,제품 사실,해요체,오래 두고 먹을 땐 한 장씩 나눠 냉동해요,,,,,0.27,,
food-099,식품,식빵,결고운 우유식빵,제품 사실,권유형,언 식빵은 해동하지 말고 바로 토스터에 넣어 보세요,,,Y,거짓_과장,0.45,,
food-100,식품,식빵,결고운 우유식빵,제품 사실,구호형,"열두 장 한 봉, 끈으로 묶어 보관.",,,Y,거짓_과장,0.7,,
food-101,식품,쌀과자,쌀알톡 쌀과자,사용 장면,명사형,오후 세 시 책상 서랍 속 쌀과자,,,Y,거짓_과장,0.72,,
food-102,식품,쌀과자,쌀알톡 쌀과자,사용 장면,해요체,차 한 잔 우릴 때 접시에 두 개 꺼내요,,,Y,거짓_과장 소비자_기만,0.77,,
food-103,식품,쌀과자,쌀알톡 쌀과자,사용 장면,권유형,나들이 돗자리 위 간식으로 펼쳐 보세요,,,Y,거짓_과장,0.44,,
food-104,식품,쌀과자,쌀알톡 쌀과자,사용 장면,구호형,"차 한 잔 옆, 과자 두 장.",,,Y,거짓_과장 소비자_기만,0.67,,
food-105,식품,쌀과자,쌀알톡 쌀과자,감각,명사형,입에 넣으면 파삭 부서지는 쌀과자,,,Y,거짓_과장,0.6,,
food-106,식품,쌀과자,쌀알톡 쌀과자,감각,해요체,구운 쌀의 구수한 향이 은은하게 남아요,,,Y,거짓_과장,0.72,,
food-107,식품,쌀과자,쌀알톡 쌀과자,감각,권유형,한 장을 반으로 쪼개 바삭한 소리를 들어 보세요,,,Y,거짓_과장,0.47,,
food-108,식품,쌀과자,쌀알톡 쌀과자,감각,구호형,"파삭한 한 입, 구수한 끝맛.",,,Y,거짓_과장,0.83,,
food-109,식품,쌀과자,쌀알톡 쌀과자,원료 이야기,명사형,쌀을 쪄서 얇게 펴 구운 과자,,,Y,거짓_과장,0.43,,
food-110,식품,쌀과자,쌀알톡 쌀과자,원료 이야기,해요체,쌀 반죽에 소금과 설탕으로 간을 했어요,,,,,0.3,,
food-111,식품,쌀과자,쌀알톡 쌀과자,원료 이야기,권유형,표면에 뿌린 달콤한 설탕 가루를 맛보세요,,,Y,거짓_과장,0.52,,
food-112,식품,쌀과자,쌀알톡 쌀과자,원료 이야기,구호형,"쌀을 쪄서 펴고, 불에 굽고.",,,Y,거짓_과장,0.49,,
food-113,식품,쌀과자,쌀알톡 쌀과자,대상,명사형,유치원 소풍 가방에 넣는 낱개 간식,,,Y,거짓_과장,0.53,,
food-114,식품,쌀과자,쌀알톡 쌀과자,대상,해요체,할머니와 손주가 나눠 먹기 좋아요,,,,,0.27,,
food-115,식품,쌀과자,쌀알톡 쌀과자,대상,권유형,손님 다과상에 과일과 함께 올려 보세요,,,,,0.46,,
food-116,식품,쌀과자,쌀알톡 쌀과자,대상,구호형,"어른 입맛에도, 아이 손에도.",,,Y,거짓_과장,0.6,,
food-117,식품,쌀과자,쌀알톡 쌀과자,제품 사실,명사형,두 장씩 낱개 포장한 30봉 한 상자,,,Y,거짓_과장 소비자_기만,0.7,,
food-118,식품,쌀과자,쌀알톡 쌀과자,제품 사실,해요체,개봉한 봉지는 눅눅해지기 전에 먹어요,,,,,0.39,,
food-119,식품,쌀과자,쌀알톡 쌀과자,제품 사실,권유형,습기를 피해 서늘한 선반에 올려 두세요,,,Y,거짓_과장 소비자_기만,0.58,,
food-120,식품,쌀과자,쌀알톡 쌀과자,제품 사실,구호형,"두 장씩 한 봉, 서른 봉 한 상자.",,,Y,거짓_과장,0.69,,
food-121,식품,탄산수,방울샘 탄산수,사용 장면,명사형,기름진 저녁 식사에 곁들이는 탄산수,Y,,Y,거짓_과장,0.62,,
food-122,식품,탄산수,방울샘 탄산수,사용 장면,해요체,드라이브 갈 때 컵홀더에 한 병 꽂아요,,,,,0.34,,
food-123,식품,탄산수,방울샘 탄산수,사용 장면,권유형,과일청 두 숟갈에 부어 에이드로 마셔 보세요,,,,,0.32,,
food-124,식품,탄산수,방울샘 탄산수,사용 장면,구호형,"식사 중에 한 모금, 식사 뒤에 한 모금.",,,,,0.36,,
food-125,식품,탄산수,방울샘 탄산수,감각,명사형,혀끝에서 잘게 터지는 탄산 방울,,,Y,거짓_과장,0.77,,
food-126,식품,탄산수,방울샘 탄산수,감각,해요체,차갑게 마시면 톡 쏘는 느낌이 또렷해요,,,Y,소비자_기만,0.78,,
food-127,식품,탄산수,방울샘 탄산수,감각,권유형,레몬 한 조각을 띄워 상큼한 향을 얹어 보세요,,,Y,거짓_과장,0.62,,
food-128,식품,탄산수,방울샘 탄산수,감각,구호형,"톡 쏘는 첫 모금, 깔끔한 끝.",,,Y,거짓_과장 소비자_기만,0.78,,
food-129,식품,탄산수,방울샘 탄산수,원료 이야기,명사형,물에 탄산을 넣어 병에 담은 방울샘 탄산수,,,Y,거짓_과장,0.49,,
food-130,식품,탄산수,방울샘 탄산수,원료 이야기,해요체,라임 향을 입혀 은은한 향이 나요,Y,,Y,거짓_과장 소비자_기만,0.61,,
food-131,식품,탄산수,방울샘 탄산수,원료 이야기,권유형,라벨에서 정제수와 탄산가스 두 줄을 찾아 보세요,,,Y,거짓_과장,0.66,,
food-132,식품,탄산수,방울샘 탄산수,원료 이야기,구호형,"방울방울 탄산, 은은한 라임 향.",,,Y,거짓_과장,0.76,,
food-133,식품,탄산수,방울샘 탄산수,대상,명사형,단맛 음료가 물리는 사람의 냉장고 한 칸,,,Y,거짓_과장,0.64,,
food-134,식품,탄산수,방울샘 탄산수,대상,해요체,홈카페에서 에이드를 만드는 분께 어울려요,,,,,0.18,,
food-135,식품,탄산수,방울샘 탄산수,대상,권유형,캠핑 아이스박스에 여러 병 채워 가 보세요,,,Y,소비자_기만,0.75,,
food-136,식품,탄산수,방울샘 탄산수,대상,구호형,"집에서도, 캠핑장에서도.",,,Y,거짓_과장 소비자_기만,0.55,,
food-137,식품,탄산수,방울샘 탄산수,제품 사실,명사형,500ml 페트병 스무 개 묶음,,,Y,거짓_과장,0.43,,
food-138,식품,탄산수,방울샘 탄산수,제품 사실,해요체,뚜껑을 꼭 닫아 두면 탄산이 오래 남아요,,,Y,거짓_과장,0.81,,
food-139,식품,탄산수,방울샘 탄산수,제품 사실,권유형,마시기 전 냉장고에서 차게 식혀 보세요,,,,,0.33,,
food-140,식품,탄산수,방울샘 탄산수,제품 사실,구호형,"500ml 한 병, 세워서 보관.",,,Y,거짓_과장,0.49,,
food-141,식품,원두커피,느린골목 원두커피,사용 장면,명사형,주말 아침 핸드드립으로 내리는 커피 한 잔,,,Y,소비자_기만,0.64,,
food-142,식품,원두커피,느린골목 원두커피,사용 장면,해요체,점심 먹고 사무실에서 한 잔 내려 마셔요,,,,,0.49,,
food-143,식품,원두커피,느린골목 원두커피,사용 장면,권유형,책 읽는 저녁에 따뜻하게 한 잔 내려 보세요,,,Y,소비자_기만,0.76,,
food-144,식품,원두커피,느린골목 원두커피,사용 장면,구호형,"물을 끓이고, 천천히 붓고.",,,Y,거짓_과장,0.69,,
food-145,식품,원두커피,느린골목 원두커피,감각,명사형,볶은 견과 향과 은은한 산미의 원두,,,Y,거짓_과장,0.68,,
food-146,식품,원두커피,느린골목 원두커피,감각,해요체,원두를 갈면 고소한 향이 주방에 퍼져요,,,,,0.42,,
food-147,식품,원두커피,느린골목 원두커피,감각,권유형,한 모금 머금고 쌉쌀한 끝맛을 느껴 보세요,,,Y,거짓_과장,0.58,,
food-148,식품,원두커피,느린골목 원두커피,감각,구호형,"고소한 향, 쌉쌀한 여운.",,,Y,거짓_과장,0.75,,
food-149,식품,원두커피,느린골목 원두커피,원료 이야기,명사형,두 가지 원두를 섞어 중간 정도로 볶은 커피,,,,,0.35,,
food-150,식품,원두커피,느린골목 원두커피,원료 이야기,해요체,생두를 소량씩 나눠 볶아 봉투에 담았어요,Y,,Y,소비자_기만,0.51,,
food-151,식품,원두커피,느린골목 원두커피,원료 이야기,권유형,봉투에 적힌 볶은 날짜를 확인해 보세요,,,Y,소비자_기만,0.79,,
food-152,식품,원두커피,느린골목 원두커피,원료 이야기,구호형,"생두를 고르고, 불 앞에서 볶고.",,,,,0.36,,
food-153,식품,원두커피,느린골목 원두커피,대상,명사형,집에서 커피를 내리는 홈카페 입문자의 원두,,,Y,거짓_과장,0.56,,
food-154,식품,원두커피,느린골목 원두커피,대상,해요체,우유를 넣어 라테로 즐기는 분께도 어울려요,,,,,0.2,,
food-155,식품,원두커피,느린골목 원두커피,대상,권유형,커피를 좋아하는 친구에게 선물로 건네 보세요,,,Y,소비자_기만,0.58,,
food-156,식품,원두커피,느린골목 원두커피,대상,구호형,"드립 좋아하는 사람, 라테 좋아하는 사람.",,,Y,거짓_과장,0.47,,
food-157,식품,원두커피,느린골목 원두커피,제품 사실,명사형,밸브 달린 봉투에 담은 홀빈 200g,,,Y,거짓_과장,0.45,,
food-158,식품,원두커피,느린골목 원두커피,제품 사실,해요체,직사광선을 피해 밀폐 용기에 옮겨 두어요,,,Y,소비자_기만,0.57,,
food-159,식품,원두커피,느린골목 원두커피,제품 사실,권유형,원두 15g에 물 240ml 비율로 내려 보세요,,,,,0.46,,
food-160,식품,원두커피,느린골목 원두커피,제품 사실,구호형,"200g 한 봉, 마실 만큼만 갈기.",,,Y,거짓_과장,0.5,,
food-161,식품,조미김,바닷결 조미김,사용 장면,명사형,갓 지은 밥 위에 한 장 올리는 조미김,,,Y,거짓_과장,0.5,,
food-162,식품,조미김,바닷결 조미김,사용 장면,해요체,도시락 뚜껑을 열고 밥에 싸서 먹어요,,,,,0.25,,
food-163,식품,조미김,바닷결 조미김,사용 장면,권유형,주먹밥 만들 때 잘게 부숴 섞어 보세요,,,Y,거짓_과장,0.57,,
food-164,식품,조미김,바닷결 조미김,사용 장면,구호형,"밥 한 숟갈, 김 한 장.",,,Y,거짓_과장,0.57,,
food-165,식품,조미김,바닷결 조미김,감각,명사형,참기름 향이 고소하게 밴 바삭한 김,,,Y,거짓_과장,0.69,,
food-166,식품,조미김,바닷결 조미김,감각,해요체,씹으면 바스락 소리와 함께 짭짤한 맛이 나요,,,Y,거짓_과장,0.43,,
food-167,식품,조미김,바닷결 조미김,감각,권유형,봉지를 뜯자마자 올라오는 구운 김 향을 맡아 보세요,,,Y,거짓_과장,0.55,,
food-168,식품,조미김,바닷결 조미김,감각,구호형,"바삭하게 굽고, 짭짤하게 간하고.",,,Y,거짓_과장,0.57,,
food-169,식품,조미김,바닷결 조미김,원료 이야기,명사형,김에 참기름을 바르고 소금을 뿌려 구운 조미김,,,Y,거짓_과장,0.59,,
food-170,식품,조미김,바닷결 조미김,원료 이야기,해요체,참기름과 들기름을 섞어 발랐어요,,,Y,거짓_과장,0.61,,
food-171,식품,조미김,바닷결 조미김,원료 이야기,권유형,김 위에 내려앉은 소금 알갱이를 맛봐 보세요,,,Y,거짓_과장,0.53,,
food-172,식품,조미김,바닷결 조미김,원료 이야기,구호형,"김 한 장에 기름 한 겹, 소금 한 꼬집.",,,Y,거짓_과장,0.62,,
food-173,식품,조미김,바닷결 조미김,대상,명사형,반찬 투정하는 아이 밥상에 놓는 김,,,,,0.27,,
food-174,식품,조미김,바닷결 조미김,대상,해요체,자취방 밥상에 반찬 하나로 꺼내기 좋아요,,,,,0.35,,
food-175,식품,조미김,바닷결 조미김,대상,권유형,해외에 사는 가족에게 보내는 꾸러미에 넣어 보세요,,,Y,거짓_과장 소비자_기만,0.58,,
food-176,식품,조미김,바닷결 조미김,대상,구호형,"아이 도시락에도, 아빠 야식상에도.",,,Y,거짓_과장,0.61,,
food-177,식품,조미김,바닷결 조미김,제품 사실,명사형,여덟 장씩 담은 도시락김 16봉 묶음,,,Y,거짓_과장 소비자_기만,0.73,,
food-178,식품,조미김,바닷결 조미김,제품 사실,해요체,봉지 안 트레이에 담겨 꺼내 먹기 편해요,,,,,0.25,,
food-179,식품,조미김,바닷결 조미김,제품 사실,권유형,개봉한 김은 눅눅해지기 전에 드셔 보세요,,,,,0.44,,
food-180,식품,조미김,바닷결 조미김,제품 사실,구호형,"한 봉에 여덟 장, 한 끼에 한 봉.",,,,,0.34,,
food-181,식품,플레인 요거트,하얀숟갈 플레인 요거트,사용 장면,명사형,아침 과일 접시에 곁들이는 플레인 요거트,,,Y,거짓_과장,0.77,,
food-182,식품,플레인 요거트,하얀숟갈 플레인 요거트,사용 장면,해요체,저녁 먹고 후식으로 작은 컵 하나를 비워요,,,,,0.24,,
food-183,식품,플레인 요거트,하얀숟갈 플레인 요거트,사용 장면,권유형,냉동 블루베리를 올려 간식으로 먹어 보세요,,,,,0.26,,
food-184,식품,플레인 요거트,하얀숟갈 플레인 요거트,사용 장면,구호형,"숟가락 하나, 컵 하나.",,,Y,거짓_과장,0.65,,
food-185,식품,플레인 요거트,하얀숟갈 플레인 요거트,감각,명사형,새콤한 맛이 은은하게 도는 하얀 요거트,,,Y,거짓_과장,0.8,,
food-186,식품,플레인 요거트,하얀숟갈 플레인 요거트,감각,해요체,숟가락으로 뜨면 되직하게 묻어나요,,,Y,거짓_과장,0.52,,
food-187,식품,플레인 요거트,하얀숟갈 플레인 요거트,감각,권유형,꿀을 뿌리기 전에 본래의 새콤함을 맛보세요,,,,,0.41,,
food-188,식품,플레인 요거트,하얀숟갈 플레인 요거트,감각,구호형,"새콤한 첫 숟갈, 부드러운 목넘김.",,,Y,거짓_과장,0.8,,
food-189,식품,플레인 요거트,하얀숟갈 플레인 요거트,원료 이야기,명사형,우유를 발효해 떠먹는 형태로 만든 요거트,,,Y,거짓_과장,0.74,,
food-190,식품,플레인 요거트,하얀숟갈 플레인 요거트,원료 이야기,해요체,우유에 종균을 넣어 천천히 발효했어요,,,Y,소비자_기만,0.54,,
food-191,식품,플레인 요거트,하얀숟갈 플레인 요거트,원료 이야기,권유형,발효한 우유 맛을 그대로 한 숟갈 떠 보세요,,,,,0.29,,
food-192,식품,플레인 요거트,하얀숟갈 플레인 요거트,원료 이야기,구호형,"우유를 데우고, 시간을 들여 발효하고.",,,Y,거짓_과장,0.47,,
food-193,식품,플레인 요거트,하얀숟갈 플레인 요거트,대상,명사형,과일과 곡물을 섞어 먹는 사람의 기본 요거트,,,Y,거짓_과장,0.73,,
food-194,식품,플레인 요거트,하얀숟갈 플레인 요거트,대상,해요체,샐러드 드레싱을 직접 만드는 분께 어울려요,,,,,0.21,,
food-195,식품,플레인 요거트,하얀숟갈 플레인 요거트,대상,권유형,단맛을 직접 조절하고 싶은 분은 잼을 곁들여 보세요,,,,,0.32,,
food-196,식품,플레인 요거트,하얀숟갈 플레인 요거트,대상,구호형,"그릇에 덜어 온 가족이, 컵째로 혼자서.",,,Y,거짓_과장,0.58,,
food-197,식품,플레인 요거트,하얀숟갈 플레인 요거트,제품 사실,명사형,85g 컵 네 개가 한 줄로 이어진 묶음,,,Y,거짓_과장 소비자_기만,0.59,,
food-198,식품,플레인 요거트,하얀숟갈 플레인 요거트,제품 사실,해요체,냉장고에 넣어 두고 차갑게 먹어요,,,,,0.41,,
food-199,식품,플레인 요거트,하얀숟갈 플레인 요거트,제품 사실,권유형,뚜껑을 연 컵은 그 자리에서 다 드셔 보세요,,,,,0.35,,
food-200,식품,플레인 요거트,하얀숟갈 플레인 요거트,제품 사실,구호형,"네 컵 한 줄, 냉장고 선반에.",,,Y,거짓_과장,0.61,,
food-201,식품,냉동만두,도톰빚음 고기만두,사용 장면,명사형,늦은 밤 프라이팬에 굽는 야식 만두,,,,,0.37,,
food-202,식품,냉동만두,도톰빚음 고기만두,사용 장면,해요체,떡국 끓이는 날 냄비에 몇 알 넣어 먹어요,,,,,0.33,,
food-203,식품,냉동만두,도톰빚음 고기만두,사용 장면,권유형,찜기에 쪄서 주말 점심으로 차려 보세요,,,,,0.24,,
food-204,식품,냉동만두,도톰빚음 고기만두,사용 장면,구호형,"구워서 한 접시, 쪄서 한 접시.",,,,,0.25,,
food-205,식품,냉동만두,도톰빚음 고기만두,감각,명사형,한 입 베어 물면 육즙이 배어 나오는 만두,,,Y,거짓_과장,0.49,,
food-206,식품,냉동만두,도톰빚음 고기만두,감각,해요체,기름에 구우면 바닥이 바삭하게 익어요,,,Y,거짓_과장,0.42,,
food-207,식품,냉동만두,도톰빚음 고기만두,감각,권유형,초간장에 찍어 고기와 부추 향을 즐겨 보세요,,,,,0.47,,
food-208,식품,냉동만두,도톰빚음 고기만두,감각,구호형,"쫄깃한 피, 촉촉한 속.",,,Y,거짓_과장,0.74,,
food-209,식품,냉동만두,도톰빚음 고기만두,원료 이야기,명사형,"돼지고기와 부추, 양배추로 속을 채운 만두",,,Y,거짓_과장,0.63,,
food-210,식품,냉동만두,도톰빚음 고기만두,원료 이야기,해요체,다진 고기에 두부와 당면을 섞어 넣었어요,,,,,0.33,,
food-211,식품,냉동만두,도톰빚음 고기만두,원료 이야기,권유형,반으로 갈라 속에 든 채소를 들여다보세요,,,Y,거짓_과장,0.74,,
food-212,식품,냉동만두,도톰빚음 고기만두,원료 이야기,구호형,"얇은 피에 고기, 그리고 부추.",,,,,0.35,,
food-213,식품,냉동만두,도톰빚음 고기만두,대상,명사형,냉동실을 채워 두는 1인 가구의 비상 메뉴,,,Y,거짓_과장,0.83,,
food-214,식품,냉동만두,도톰빚음 고기만두,대상,해요체,갑자기 손님이 온 날 한 접시 내기 좋아요,,,Y,거짓_과장 소비자_기만,0.75,,
food-215,식품,냉동만두,도톰빚음 고기만두,대상,권유형,요리가 서툰 분도 에어프라이어로 구워 보세요,,,,,0.32,,
food-216,식품,냉동만두,도톰빚음 고기만두,대상,구호형,"자취생 냉동실에, 대가족 명절상에.",,,Y,거짓_과장,0.53,,
food-217,식품,냉동만두,도톰빚음 고기만두,제품 사실,명사형,지퍼백에 담긴 냉동 고기만두 1kg,,,,,0.35,,
food-218,식품,냉동만두,도톰빚음 고기만두,제품 사실,해요체,해동하지 않고 언 채로 팬에 올려요,,,Y,거짓_과장 소비자_기만,0.8,,
food-219,식품,냉동만두,도톰빚음 고기만두,제품 사실,권유형,물 반 컵을 붓고 뚜껑 덮어 6분 익혀 보세요,,,,,0.35,,
food-220,식품,냉동만두,도톰빚음 고기만두,제품 사실,구호형,"1kg 한 봉, 영하 18도 아래 보관.",,,Y,거짓_과장 소비자_기만,0.58,,
food-221,식품,라면,보글한냄비 라면,사용 장면,명사형,비 오는 날 저녁 냄비째 먹는 라면,,,Y,소비자_기만,0.54,,
food-222,식품,라면,보글한냄비 라면,사용 장면,해요체,주말 늦잠 뒤에 한 그릇 끓여 먹어요,,,,,0.32,,
food-223,식품,라면,보글한냄비 라면,사용 장면,권유형,캠핑 코펠에 끓여 밖에서 먹어 보세요,,,,,0.32,,
food-224,식품,라면,보글한냄비 라면,사용 장면,구호형,"출출한 밤, 보글보글 한 냄비.",,,Y,거짓_과장,0.64,,
food-225,식품,라면,보글한냄비 라면,감각,명사형,얼큰한 국물에 꼬들하게 익은 면발,,,Y,거짓_과장,0.64,,
food-226,식품,라면,보글한냄비 라면,감각,해요체,국물에서 파와 마늘 향이 올라와요,,,Y,거짓_과장,0.53,,
food-227,식품,라면,보글한냄비 라면,감각,권유형,불을 끄기 직전 꼬들한 면을 한 젓가락 건져 보세요,,,Y,거짓_과장,0.44,,
food-228,식품,라면,보글한냄비 라면,감각,구호형,"칼칼한 국물, 탱글한 면.",,,Y,거짓_과장,0.68,,
food-229,식품,라면,보글한냄비 라면,원료 이야기,명사형,"건조 파와 버섯, 당근이 든 건더기 스프",,,Y,거짓_과장,0.67,,
food-230,식품,라면,보글한냄비 라면,원료 이야기,해요체,밀가루 반죽을 뽑아 기름에 튀긴 면이에요,,,,,0.25,,
food-231,식품,라면,보글한냄비 라면,원료 이야기,권유형,고춧가루를 넣은 분말 스프를 풀어 보세요,,,,,0.29,,
food-232,식품,라면,보글한냄비 라면,원료 이야기,구호형,"면 한 덩이, 스프 두 봉지.",,,Y,거짓_과장,0.75,,
food-233,식품,라면,보글한냄비 라면,대상,명사형,매콤한 국물을 즐기는 사람의 한 그릇,,,Y,거짓_과장,0.72,,
food-234,식품,라면,보글한냄비 라면,대상,해요체,자취를 시작한 대학생 찬장에 잘 어울려요,,,,,0.37,,
food-235,식품,라면,보글한냄비 라면,대상,권유형,달걀과 파를 넣어 먹는 분은 스프를 조금 덜어 보세요,,,,,0.27,,
food-236,식품,라면,보글한냄비 라면,대상,구호형,"혼자 먹어도 한 냄비, 둘이 먹어도 한 냄비.",,,,,0.29,,
food-237,식품,라면,보글한냄비 라면,제품 사실,명사형,120g 봉지 다섯 개가 든 멀티팩,,,Y,거짓_과장,0.65,,
food-238,식품,라면,보글한냄비 라면,제품 사실,해요체,물 550ml를 끓여 면과 스프를 넣어요,,,,,0.32,,
food-239,식품,라면,보글한냄비 라면,제품 사실,권유형,면을 넣고 4분 30초 끓여 보세요,,,,,0.34,,
food-240,식품,라면,보글한냄비 라면,제품 사실,구호형,"물 550ml, 끓이는 시간 4분 30초.",,,,,0.34,,
food-241,식품,초콜릿,달밤조각 초콜릿,사용 장면,명사형,오후 커피 옆에 놓는 초콜릿 두 조각,,,Y,거짓_과장,0.54,,
food-242,식품,초콜릿,달밤조각 초콜릿,사용 장면,해요체,영화 보는 밤에 한 줄 쪼개 나눠 먹어요,,,,,0.44,,
food-243,식품,초콜릿,달밤조각 초콜릿,사용 장면,권유형,따뜻한 우유에 녹여 핫초코로 마셔 보세요,,,,,0.41,,
food-244,식품,초콜릿,달밤조각 초콜릿,사용 장면,구호형,"똑 부러뜨려 한 조각, 입에 넣고 천천히.",,,Y,거짓_과장,0.75,,
food-245,식품,초콜릿,달밤조각 초콜릿,감각,명사형,입안에서 천천히 녹는 쌉쌀한 초콜릿,,,Y,거짓_과장,0.79,,
food-246,식품,초콜릿,달밤조각 초콜릿,감각,해요체,깨물면 딱 소리가 나고 카카오 향이 퍼져요,,,Y,거짓_과장 소비자_기만,0.59,,
food-247,식품,초콜릿,달밤조각 초콜릿,감각,권유형,씹지 말고 혀 위에서 녹여 보세요,,,Y,거짓_과장,0.47,,
food-248,식품,초콜릿,달밤조각 초콜릿,감각,구호형,"쌉쌀하게 시작해서, 달콤하게 녹고.",,,Y,거짓_과장,0.78,,
food-249,식품,초콜릿,달밤조각 초콜릿,원료 이야기,명사형,카카오매스와 카카오버터로 만든 판 초콜릿,,,Y,거짓_과장,0.84,,
food-250,식품,초콜릿,달밤조각 초콜릿,원료 이야기,해요체,구운 헤이즐넛을 통째로 넣었어요,,,Y,거짓_과장 소비자_기만,0.53,,
food-251,식품,초콜릿,달밤조각 초콜릿,원료 이야기,권유형,조각을 쪼개 헤이즐넛이 박힌 단면을 구경해 보세요,,,Y,거짓_과장,0.83,,
food-252,식품,초콜릿,달밤조각 초콜릿,원료 이야기,구호형,"카카오를 녹이고, 헤이즐넛을 올리고.",,,Y,거짓_과장 소비자_기만,0.8,,
food-253,식품,초콜릿,달밤조각 초콜릿,대상,명사형,단 음식을 조금씩 즐기는 어른의 간식,,,Y,거짓_과장,0.45,,
food-254,식품,초콜릿,달밤조각 초콜릿,대상,해요체,고마운 마음을 전하는 작은 선물로 어울려요,,,,,0.41,,
food-255,식품,초콜릿,달밤조각 초콜릿,대상,권유형,디저트를 직접 굽는 분은 브라우니 반죽에 넣어 보세요,,,,,0.34,,
food-256,식품,초콜릿,달밤조각 초콜릿,대상,구호형,"나를 위한 한 조각, 친구를 위한 한 상자.",,,Y,거짓_과장,0.72,,
food-257,식품,초콜릿,달밤조각 초콜릿,제품 사실,명사형,은박지에 싸서 종이 상자에 담은 90g 판 초콜릿,,,Y,거짓_과장,0.5,,
food-258,식품,초콜릿,달밤조각 초콜릿,제품 사실,해요체,열다섯 조각으로 금이 나 있어 쪼개기 쉬워요,,,Y,거짓_과장,0.64,,
food-259,식품,초콜릿,달밤조각 초콜릿,제품 사실,권유형,여름에는 서늘한 곳에 두고 드셔 보세요,,,,,0.39,,
food-260,식품,초콜릿,달밤조각 초콜릿,제품 사실,구호형,"90g 한 판, 열다섯 조각.",,,Y,거짓_과장,0.68,,
food-261,식품,견과류 믹스,한줌소풍 견과 믹스,사용 장면,명사형,출근길 가방에 넣는 견과 한 봉,,,Y,거짓_과장,0.6,,
food-262,식품,견과류 믹스,한줌소풍 견과 믹스,사용 장면,해요체,등산 중 쉬는 자리에서 한 줌 꺼내 먹어요,,,,,0.42,,
food-263,식품,견과류 믹스,한줌소풍 견과 믹스,사용 장면,권유형,샐러드 위에 뿌려 씹는 맛을 얹어 보세요,,,,,0.4,,
food-264,식품,견과류 믹스,한줌소풍 견과 믹스,사용 장면,구호형,"가방 속 한 봉, 책상 위 한 봉.",,,Y,거짓_과장,0.54,,
food-265,식품,견과류 믹스,한줌소풍 견과 믹스,감각,명사형,오독오독 씹히는 구운 견과의 고소함,,,Y,거짓_과장,0.49,,
food-266,식품,견과류 믹스,한줌소풍 견과 믹스,감각,해요체,건포도의 단맛이 사이사이 섞여 나와요,,,,,0.41,,
food-267,식품,견과류 믹스,한줌소풍 견과 믹스,감각,권유형,아몬드와 호두를 한꺼번에 씹어 보세요,,,,,0.36,,
food-268,식품,견과류 믹스,한줌소풍 견과 믹스,감각,구호형,"고소한 견과, 달콤한 건과일.",,,Y,거짓_과장,0.72,,
food-269,식품,견과류 믹스,한줌소풍 견과 믹스,원료 이야기,명사형,"아몬드, 호두, 캐슈너트에 건포도를 섞은 믹스",,,Y,거짓_과장,0.59,,
food-270,식품,견과류 믹스,한줌소풍 견과 믹스,원료 이야기,해요체,견과를 구운 뒤 건포도와 섞어 담았어요,,,Y,거짓_과장,0.54,,
food-271,식품,견과류 믹스,한줌소풍 견과 믹스,원료 이야기,권유형,봉지를 열어 네 가지 재료를 하나씩 세어 보세요,,,Y,거짓_과장 소비자_기만,0.67,,
food-272,식품,견과류 믹스,한줌소풍 견과 믹스,원료 이야기,구호형,"견과 세 가지, 건과일 한 가지.",,,Y,거짓_과장,0.74,,
food-273,식품,견과류 믹스,한줌소풍 견과 믹스,대상,명사형,사무실 서랍에 간식을 두는 직장인의 한 봉,,,Y,거짓_과장,0.72,,
food-274,식품,견과류 믹스,한줌소풍 견과 믹스,대상,해요체,맥주 안주를 간단히 차리는 분께 어울려요,Y,,,,0.15,,
food-275,식품,견과류 믹스,한줌소풍 견과 믹스,대상,권유형,아이 소풍 도시락 한쪽에 담아 보세요,,,Y,소비자_기만,0.52,,
food-276,식품,견과류 믹스,한줌소풍 견과 믹스,대상,구호형,"산에 가는 아버지도, 사무실의 딸도.",,,Y,거짓_과장,0.66,,
food-277,식품,견과류 믹스,한줌소풍 견과 믹스,제품 사실,명사형,25g씩 나눠 담은 서른 봉 한 상자,,,Y,거짓_과장 소비자_기만,0.62,,
food-278,식품,견과류 믹스,한줌소풍 견과 믹스,제품 사실,해요체,한 봉이 딱 한 줌 분량이에요,,,,,0.38,,
food-279,식품,견과류 믹스,한줌소풍 견과 믹스,제품 사실,권유형,남은 상자는 볕이 들지 않는 곳에 두세요,,,Y,거짓_과장,0.44,,
food-280,식품,견과류 믹스,한줌소풍 견과 믹스,제품 사실,구호형,"25g 한 봉, 뜯으면 한 줌.",,,,,0.41,,
food-281,식품,벌꿀,꽃마실 아카시아꿀,사용 장면,명사형,따뜻한 차에 한 숟갈 타는 아카시아꿀,,,Y,거짓_과장,0.77,,
food-282,식품,벌꿀,꽃마실 아카시아꿀,사용 장면,해요체,구운 가래떡을 찍어 겨울 간식으로 먹어요,,,,,0.44,,
food-283,식품,벌꿀,꽃마실 아카시아꿀,사용 장면,권유형,아침 토스트에 버터와 함께 발라 보세요,,,,,0.31,,
food-284,식품,벌꿀,꽃마실 아카시아꿀,사용 장면,구호형,"차에 한 숟갈, 빵에 한 숟갈.",,,Y,거짓_과장,0.58,,
food-285,식품,벌꿀,꽃마실 아카시아꿀,감각,명사형,맑은 빛깔에 꽃 향이 은은한 꿀,,,Y,거짓_과장 소비자_기만,0.73,,
food-286,식품,벌꿀,꽃마실 아카시아꿀,감각,해요체,숟가락에서 실처럼 가늘게 흘러내려요,,,Y,거짓_과장,0.7,,
food-287,식품,벌꿀,꽃마실 아카시아꿀,감각,권유형,그대로 조금 떠서 부드러운 단맛을 느껴 보세요,,,Y,거짓_과장 소비자_기만,0.65,,
food-288,식품,벌꿀,꽃마실 아카시아꿀,감각,구호형,"은은한 꽃 향, 부드러운 단맛.",,,Y,거짓_과장 소비자_기만,0.64,,
food-289,식품,벌꿀,꽃마실 아카시아꿀,원료 이야기,명사형,아카시아꽃 필 무렵 벌집에서 뜬 꿀,Y,,Y,거짓_과장 소비자_기만,0.67,,
food-290,식품,벌꿀,꽃마실 아카시아꿀,원료 이야기,해요체,벌집에서 거른 꿀을 병에 담았어요,Y,,,,0.37,,
food-291,식품,벌꿀,꽃마실 아카시아꿀,원료 이야기,권유형,병을 볕에 비춰 꿀 빛깔을 감상해 보세요,,,Y,거짓_과장,0.48,,
food-292,식품,벌꿀,꽃마실 아카시아꿀,원료 이야기,구호형,"꽃에서 벌집으로, 벌집에서 병으로.",,,,,0.39,,
food-293,식품,벌꿀,꽃마실 아카시아꿀,대상,명사형,설탕 대신 꿀로 단맛을 내는 집밥 요리사의 꿀,,,Y,거짓_과장,0.44,,
food-294,식품,벌꿀,꽃마실 아카시아꿀,대상,해요체,요거트에 단맛을 얹어 먹는 분께 어울려요,,,,,0.17,,
food-295,식품,벌꿀,꽃마실 아카시아꿀,대상,권유형,명절에 찾아뵙는 어른께 한 병 드려 보세요,,,,,0.36,,
food-296,식품,벌꿀,꽃마실 아카시아꿀,대상,구호형,"차 즐기는 어른에게, 빵 굽는 친구에게.",,,Y,거짓_과장,0.55,,
food-297,식품,벌꿀,꽃마실 아카시아꿀,제품 사실,명사형,나무 뚜껑 유리병에 담은 500g 벌꿀,,,Y,거짓_과장,0.44,,
food-298,식품,벌꿀,꽃마실 아카시아꿀,제품 사실,해요체,굳은 꿀은 따뜻한 물에 병째 담가 풀어요,,,Y,소비자_기만,0.62,,
food-299,식품,벌꿀,꽃마실 아카시아꿀,제품 사실,권유형,물기 마른 숟가락으로 떠서 실온에 두고 드셔 보세요,,,,,0.29,,
food-300,식품,벌꿀,꽃마실 아카시아꿀,제품 사실,구호형,"500g 한 병, 실온 보관.",,,Y,소비자_기만,0.51,,
hf-001,건기식,프로바이오틱스 캡슐,데일리바이옴,사용 장면,명사형,아침 물 한 잔 곁에 두는 프로바이오틱스 캡슐,,,Y,거짓_과장,0.49,,
hf-002,건기식,프로바이오틱스 캡슐,데일리바이옴,사용 장면,해요체,출근 가방 챙기면서 캡슐도 한 알 꺼내요,,,,,0.48,,
hf-003,건기식,프로바이오틱스 캡슐,데일리바이옴,사용 장면,권유형,양치 컵 옆에 병을 두고 아침마다 열어 보세요,,,Y,거짓_과장,0.44,,
hf-004,건기식,프로바이오틱스 캡슐,데일리바이옴,사용 장면,구호형,"아침 식탁 위, 캡슐 한 알.",,,,,0.34,,
hf-005,건기식,프로바이오틱스 캡슐,데일리바이옴,감각,명사형,손톱만 한 크기라 물 한 모금에 넘어가는 캡슐,,,,,0.34,,
hf-006,건기식,프로바이오틱스 캡슐,데일리바이옴,감각,해요체,캡슐 겉면이 매끈해서 목에 걸리는 느낌이 적어요,,,Y,소비자_기만,0.54,,
hf-007,건기식,프로바이오틱스 캡슐,데일리바이옴,감각,권유형,"냄새가 거의 없는 캡슐, 물과 함께 삼켜 보세요",,,,,0.46,,
hf-008,건기식,프로바이오틱스 캡슐,데일리바이옴,감각,구호형,작고 매끈하게. 물 한 모금이면 끝.,,,Y,거짓_과장,0.62,,
hf-009,건기식,프로바이오틱스 캡슐,데일리바이옴,원료 이야기,명사형,프로바이오틱스를 한 알에 담은 데일리바이옴 캡슐,,,Y,거짓_과장 소비자_기만,0.54,,
hf-010,건기식,프로바이오틱스 캡슐,데일리바이옴,원료 이야기,해요체,데일리바이옴은 프로바이오틱스 분말을 캡슐에 담았어요,,,Y,소비자_기만,0.58,,
hf-011,건기식,프로바이오틱스 캡슐,데일리바이옴,원료 이야기,권유형,어떤 균주를 담았는지 병 라벨에서 읽어 보세요,,,Y,소비자_기만,0.53,,
hf-012,건기식,프로바이오틱스 캡슐,데일리바이옴,원료 이야기,구호형,프로바이오틱스를 담았다. 그게 전부.,,,Y,거짓_과장 소비자_기만,0.63,,
hf-013,건기식,프로바이오틱스 캡슐,데일리바이옴,대상,명사형,아침을 바쁘게 시작하는 사람의 서랍 속 캡슐,,,Y,거짓_과장,0.55,,
hf-014,건기식,프로바이오틱스 캡슐,데일리바이옴,대상,해요체,가루 제형이 번거로웠다면 캡슐이 손에 잘 맞아요,,,Y,거짓_과장,0.42,,
hf-015,건기식,프로바이오틱스 캡슐,데일리바이옴,대상,권유형,출장이 잦다면 캐리어 주머니에 한 병 넣어 보세요,,,Y,거짓_과장 소비자_기만,0.51,,
hf-016,건기식,프로바이오틱스 캡슐,데일리바이옴,대상,구호형,아침이 바쁜 사람. 삼키면 끝나는 한 알.,,,Y,거짓_과장,0.44,,
hf-017,건기식,프로바이오틱스 캡슐,데일리바이옴,제품 사실,명사형,"하루 한 번 한 캡슐, 60캡슐이 든 갈색 병",,,,,0.28,,
hf-018,건기식,프로바이오틱스 캡슐,데일리바이옴,제품 사실,해요체,한 병에 60캡슐이라 두 달 동안 두고 먹어요,,,,,0.41,,
hf-019,건기식,프로바이오틱스 캡슐,데일리바이옴,제품 사실,권유형,개봉 뒤에는 뚜껑을 꼭 닫아 서늘한 곳에 두세요,,,Y,거짓_과장,0.73,,
hf-020,건기식,프로바이오틱스 캡슐,데일리바이옴,제품 사실,구호형,한 병 60캡슐. 하루 한 알씩.,,,,,0.35,,
hf-021,건기식,루테인 연질캡슐,노란오후,사용 장면,명사형,점심 식사 뒤 책상 서랍에서 꺼내는 연질캡슐,,,Y,거짓_과장,0.42,,
hf-022,건기식,루테인 연질캡슐,노란오후,사용 장면,해요체,점심 먹고 자리에 돌아오면 노란오후를 한 알 삼켜요,,,Y,거짓_과장,0.45,,
hf-023,건기식,루테인 연질캡슐,노란오후,사용 장면,권유형,연필꽂이 옆에 병을 세워 두고 점심 뒤에 챙겨 보세요,,,,,0.44,,
hf-024,건기식,루테인 연질캡슐,노란오후,사용 장면,구호형,"점심 뒤 책상 앞, 노란 캡슐 한 알.",,,,,0.5,,
hf-025,건기식,루테인 연질캡슐,노란오후,감각,명사형,주황빛이 비치는 타원형의 말랑한 연질캡슐,,,Y,거짓_과장,0.77,,
hf-026,건기식,루테인 연질캡슐,노란오후,감각,해요체,말랑한 겉면이라 물과 함께 미끄러지듯 넘어가요,,,Y,거짓_과장,0.58,,
hf-027,건기식,루테인 연질캡슐,노란오후,감각,권유형,크기가 작은 편이니 물 반 컵으로 삼켜 보세요,,,,,0.33,,
hf-028,건기식,루테인 연질캡슐,노란오후,감각,구호형,말랑한 타원형. 넘김은 매끄럽게.,,,Y,거짓_과장,0.87,,
hf-029,건기식,루테인 연질캡슐,노란오후,원료 이야기,명사형,루테인을 기름에 풀어 담은 연질캡슐,,,Y,거짓_과장,0.65,,
hf-030,건기식,루테인 연질캡슐,노란오후,원료 이야기,해요체,노란오후 한 알 속에는 루테인이 들어 있어요,,,Y,거짓_과장,0.48,,
hf-031,건기식,루테인 연질캡슐,노란오후,원료 이야기,권유형,원료가 궁금하면 상자 뒷면의 루테인 표기를 찾아보세요,,,Y,거짓_과장 소비자_기만,0.52,,
hf-032,건기식,루테인 연질캡슐,노란오후,원료 이야기,구호형,원료는 루테인. 제형은 연질캡슐.,,,Y,거짓_과장,0.47,,
hf-033,건기식,루테인 연질캡슐,노란오후,대상,명사형,구내식당에서 점심을 먹는 직장인을 위한 책상 위 한 병,,,,,0.37,,
hf-034,건기식,루테인 연질캡슐,노란오후,대상,해요체,도시락을 싸 다니는 직장인이 식후에 꺼내기 좋아요,,,,,0.23,,
hf-035,건기식,루테인 연질캡슐,노란오후,대상,권유형,식사 뒤에 뭔가 챙기는 습관이 있다면 같이 두어 보세요,,,Y,소비자_기만,0.59,,
hf-036,건기식,루테인 연질캡슐,노란오후,대상,구호형,"점심이 규칙적인 직장인에게, 서랍 속 한 병.",,,Y,소비자_기만,0.53,,
hf-037,건기식,루테인 연질캡슐,노란오후,제품 사실,명사형,"30캡슐씩 두 판, 블리스터 포장 한 상자",,,Y,거짓_과장 소비자_기만,0.64,,
hf-038,건기식,루테인 연질캡슐,노란오후,제품 사실,해요체,한 알씩 눌러 꺼내는 블리스터 포장이에요,,,Y,소비자_기만,0.74,,
hf-039,건기식,루테인 연질캡슐,노란오후,제품 사실,권유형,블리스터 한 판을 잘라 파우치에 넣어 다녀 보세요,,,Y,거짓_과장 소비자_기만,0.54,,
hf-040,건기식,루테인 연질캡슐,노란오후,제품 사실,구호형,하루 한 번. 눌러서 꺼내는 한 알.,,,,,0.43,,
hf-041,건기식,오메가3 연질캡슐,물결한알,사용 장면,명사형,저녁 식사 뒤 식탁에서 삼키는 오메가3 연질캡슐,,,Y,거짓_과장,0.65,,
hf-042,건기식,오메가3 연질캡슐,물결한알,사용 장면,해요체,저녁 설거지 끝내고 물결한알을 두 알 챙겨요,,,,,0.35,,
hf-043,건기식,오메가3 연질캡슐,물결한알,사용 장면,권유형,식탁 양념통 옆에 병을 두고 저녁마다 꺼내 보세요,,,Y,거짓_과장,0.49,,
hf-044,건기식,오메가3 연질캡슐,물결한알,사용 장면,구호형,"저녁상을 물리고, 물과 함께 두 알.",,,Y,거짓_과장,0.61,,
hf-045,건기식,오메가3 연질캡슐,물결한알,감각,명사형,투명한 금빛이 도는 길쭉한 연질캡슐,,,Y,거짓_과장,0.58,,
hf-046,건기식,오메가3 연질캡슐,물결한알,감각,해요체,병을 열면 레몬 향이 먼저 올라와요,,,Y,거짓_과장,0.44,,
hf-047,건기식,오메가3 연질캡슐,물결한알,감각,권유형,길쭉한 모양이니 물을 넉넉히 머금고 삼켜 보세요,,,Y,거짓_과장,0.65,,
hf-048,건기식,오메가3 연질캡슐,물결한알,감각,구호형,병을 열면 레몬 향. 캡슐은 금빛.,,,Y,거짓_과장,0.51,,
hf-049,건기식,오메가3 연질캡슐,물결한알,원료 이야기,명사형,오메가3 지방산을 담은 연질캡슐 물결한알,,,Y,거짓_과장,0.62,,
hf-050,건기식,오메가3 연질캡슐,물결한알,원료 이야기,해요체,캡슐 속 맑은 기름은 EPA와 DHA를 함유한 유지예요,Y,,Y,거짓_과장,0.67,,
hf-051,건기식,오메가3 연질캡슐,물결한알,원료 이야기,권유형,병을 돌려 EPA와 DHA 표기를 직접 찾아보세요,Y,,Y,거짓_과장,0.78,,
hf-052,건기식,오메가3 연질캡슐,물결한알,원료 이야기,구호형,속에는 오메가3. 겉은 말랑한 피막.,,,Y,거짓_과장,0.62,,
hf-053,건기식,오메가3 연질캡슐,물결한알,대상,명사형,저녁을 집에서 먹는 날이 많은 집의 식탁 한 병,,,,,0.25,,
hf-054,건기식,오메가3 연질캡슐,물결한알,대상,해요체,식후에 물 한 컵을 꼭 마시는 분이면 순서가 딱 맞아요,,,,,0.25,,
hf-055,건기식,오메가3 연질캡슐,물결한알,대상,권유형,장을 주말에 몰아 보는 집이라면 한 병 같이 담아 보세요,,,Y,소비자_기만,0.69,,
hf-056,건기식,오메가3 연질캡슐,물결한알,대상,구호형,"저녁은 집에서 먹는다면, 식탁에 두 알.",,,Y,거짓_과장,0.49,,
hf-057,건기식,오메가3 연질캡슐,물결한알,제품 사실,명사형,"90캡슐 한 병, 하루 두 캡슐씩 45일 분량",,,Y,거짓_과장,0.5,,
hf-058,건기식,오메가3 연질캡슐,물결한알,제품 사실,해요체,직사광선을 피해 뚜껑을 닫아 두면 돼요,,,Y,거짓_과장,0.78,,
hf-059,건기식,오메가3 연질캡슐,물결한알,제품 사실,권유형,여름에는 서늘한 찬장 안쪽에 넣어 두세요,,,Y,거짓_과장,0.45,,
hf-060,건기식,오메가3 연질캡슐,물결한알,제품 사실,구호형,90캡슐 한 병. 뚜껑은 돌려서 꼭.,,,Y,거짓_과장,0.41,,
hf-061,건기식,비타민C 정,한낮의C,사용 장면,명사형,오전 회의 전 물병과 함께 꺼내는 비타민C 정,,,Y,거짓_과장,0.51,,
hf-062,건기식,비타민C 정,한낮의C,사용 장면,해요체,아침 커피 내리는 동안 한낮의C를 한 정 삼켜요,,,Y,거짓_과장,0.41,,
hf-063,건기식,비타민C 정,한낮의C,사용 장면,권유형,현관 선반에 올려 두고 나서기 전에 챙겨 보세요,,,Y,거짓_과장 소비자_기만,0.62,,
hf-064,건기식,비타민C 정,한낮의C,사용 장면,구호형,"오전 열 시, 물 한 컵과 한 정.",,,,,0.25,,
hf-065,건기식,비타민C 정,한낮의C,감각,명사형,연노란 빛의 납작하고 둥근 정제,,,Y,거짓_과장,0.7,,
hf-066,건기식,비타민C 정,한낮의C,감각,해요체,겉을 얇게 코팅해서 신맛이 입에 남지 않아요,Y,,,,0.37,,
hf-067,건기식,비타민C 정,한낮의C,감각,권유형,"납작한 원형 정제, 물 한 모금과 넘겨 보세요",,,Y,거짓_과장,0.46,,
hf-068,건기식,비타민C 정,한낮의C,감각,구호형,동글납작한 모양. 신맛 없는 코팅.,Y,,Y,거짓_과장,0.79,,
hf-069,건기식,비타민C 정,한낮의C,원료 이야기,명사형,비타민C 분말을 단단히 눌러 찍은 정제,,,Y,거짓_과장,0.44,,
hf-070,건기식,비타민C 정,한낮의C,원료 이야기,해요체,한낮의C는 비타민C를 주원료로 써서 만들었어요,,,Y,거짓_과장,0.66,,
hf-071,건기식,비타민C 정,한낮의C,원료 이야기,권유형,주원료 칸에 비타민C가 적혀 있는지 살펴보세요,,,Y,거짓_과장,0.75,,
hf-072,건기식,비타민C 정,한낮의C,원료 이야기,구호형,주원료는 비타민C. 모양은 둥근 정.,,,Y,거짓_과장,0.58,,
hf-073,건기식,비타민C 정,한낮의C,대상,명사형,물병을 늘 들고 다니는 사람에게 어울리는 가방 속 정제,,,,,0.28,,
hf-074,건기식,비타민C 정,한낮의C,대상,해요체,아침 준비를 십 분 안에 끝내는 사람도 놓치지 않아요,,,,,0.37,,
hf-075,건기식,비타민C 정,한낮의C,대상,권유형,책상에 물컵을 두고 일하는 분이라면 옆에 놓아 보세요,,,,,0.38,,
hf-076,건기식,비타민C 정,한낮의C,대상,구호형,"물병을 달고 사는 당신, 곁들일 한 정.",,,Y,거짓_과장,0.61,,
hf-077,건기식,비타민C 정,한낮의C,제품 사실,명사형,"120정이 든 흰색 병, 넉 달 두고 먹는 분량",,,,,0.27,,
hf-078,건기식,비타민C 정,한낮의C,제품 사실,해요체,병 입구가 넓어서 손바닥에 덜어 내기 쉬워요,,,Y,거짓_과장,0.6,,
hf-079,건기식,비타민C 정,한낮의C,제품 사실,권유형,습기가 적은 곳에 병을 세워서 두세요,,,,,0.25,,
hf-080,건기식,비타민C 정,한낮의C,제품 사실,구호형,하루에 한 정. 한 병에 120정.,,,,,0.31,,
hf-081,건기식,멀티비타민 정,하루모음,사용 장면,명사형,아침 식사 직후 식탁에서 삼키는 멀티비타민 정,,,Y,거짓_과장,0.6,,
hf-082,건기식,멀티비타민 정,하루모음,사용 장면,해요체,토스트 먹고 나서 하루모음을 물과 함께 넘겨요,,,,,0.53,,
hf-083,건기식,멀티비타민 정,하루모음,사용 장면,권유형,아침 그릇 치울 때 같이 챙기도록 식탁에 두어 보세요,,,Y,거짓_과장,0.54,,
hf-084,건기식,멀티비타민 정,하루모음,사용 장면,구호형,"아침밥 다음 순서, 하루모음 한 정.",,,Y,거짓_과장,0.65,,
hf-085,건기식,멀티비타민 정,하루모음,감각,명사형,갸름한 타원 모양에 코팅을 입힌 정제,,,Y,거짓_과장,0.76,,
hf-086,건기식,멀티비타민 정,하루모음,감각,해요체,정제 가운데 홈이 있어 반으로 쪼개기도 해요,,,Y,거짓_과장,0.56,,
hf-087,건기식,멀티비타민 정,하루모음,감각,권유형,크기가 있는 편이니 물을 충분히 마시며 삼켜 보세요,,,,,0.4,,
hf-088,건기식,멀티비타민 정,하루모음,감각,구호형,타원형 코팅 정. 특유의 냄새는 옅게.,,,Y,거짓_과장,0.71,,
hf-089,건기식,멀티비타민 정,하루모음,원료 이야기,명사형,비타민과 미네랄 여러 종을 한 정에 모은 정제,,,Y,거짓_과장,0.55,,
hf-090,건기식,멀티비타민 정,하루모음,원료 이야기,해요체,"비타민 B군과 C, D를 한 정에 같이 넣었어요",Y,,Y,거짓_과장,0.45,,
hf-091,건기식,멀티비타민 정,하루모음,원료 이야기,권유형,어떤 비타민이 들었는지 상자 옆면에서 세어 보세요,,,Y,거짓_과장,0.64,,
hf-092,건기식,멀티비타민 정,하루모음,원료 이야기,구호형,"여러 비타민, 한 정에 모았다.",,,Y,거짓_과장,0.65,,
hf-093,건기식,멀티비타민 정,하루모음,대상,명사형,여러 병 늘어놓기를 싫어하는 이의 단 한 병,,,Y,질병_예방치료_표방,0.34,,
hf-094,건기식,멀티비타민 정,하루모음,대상,해요체,챙길 병을 하나로 줄이고 싶을 때 고르게 돼요,,,Y,거짓_과장,0.52,,
hf-095,건기식,멀티비타민 정,하루모음,대상,권유형,아침 준비를 분 단위로 쪼개 쓴다면 한 정으로 끝내 보세요,,,Y,거짓_과장,0.46,,
hf-096,건기식,멀티비타민 정,하루모음,대상,구호형,서랍이 좁다. 그래서 한 병으로.,,,Y,거짓_과장,0.52,,
hf-097,건기식,멀티비타민 정,하루모음,제품 사실,명사형,"하루 한 정씩 석 달, 90정 한 병",,,,,0.26,,
hf-098,건기식,멀티비타민 정,하루모음,제품 사실,해요체,뚜껑에 방습제가 들어 있어 그대로 두고 써요,Y,,Y,거짓_과장 소비자_기만,0.6,,
hf-099,건기식,멀티비타민 정,하루모음,제품 사실,권유형,여행 갈 때는 날짜만큼 덜어 작은 통에 담아 가세요,,,Y,거짓_과장 소비자_기만,0.7,,
hf-100,건기식,멀티비타민 정,하루모음,제품 사실,구호형,석 달 분량 90정. 병은 손바닥 크기.,,,Y,거짓_과장,0.66,,
hf-101,건기식,홍삼 스틱,붉은뜰,사용 장면,명사형,출근길 지하철을 기다리며 짜 먹는 홍삼 스틱,,,Y,거짓_과장,0.44,,
hf-102,건기식,홍삼 스틱,붉은뜰,사용 장면,해요체,아침에 집을 나서면서 붉은뜰 한 포를 뜯어요,,,Y,거짓_과장 소비자_기만,0.57,,
hf-103,건기식,홍삼 스틱,붉은뜰,사용 장면,권유형,차 키 옆에 스틱 상자를 두고 나갈 때 집어 보세요,,,Y,거짓_과장,0.72,,
hf-104,건기식,홍삼 스틱,붉은뜰,사용 장면,구호형,"현관을 나서며, 스틱 한 포.",,,Y,거짓_과장,0.76,,
hf-105,건기식,홍삼 스틱,붉은뜰,감각,명사형,쌉싸름한 맛 뒤에 은은한 단맛이 남는 농축액,,,Y,거짓_과장,0.54,,
hf-106,건기식,홍삼 스틱,붉은뜰,감각,해요체,걸쭉한 액상이라 끝에서부터 밀어 올려 짜 먹어요,,,,,0.29,,
hf-107,건기식,홍삼 스틱,붉은뜰,감각,권유형,진한 맛이 낯설다면 미지근한 물에 풀어 드셔 보세요,,,,,0.32,,
hf-108,건기식,홍삼 스틱,붉은뜰,감각,구호형,"쌉싸름하게 시작해서, 달큰하게 끝나는 맛.",,,Y,거짓_과장,0.74,,
hf-109,건기식,홍삼 스틱,붉은뜰,원료 이야기,명사형,홍삼 농축액을 한 포씩 나눠 담은 스틱,,,Y,거짓_과장,0.49,,
hf-110,건기식,홍삼 스틱,붉은뜰,원료 이야기,해요체,붉은뜰은 홍삼을 달여 졸인 농축액으로 속을 담았어요,,,Y,거짓_과장,0.61,,
hf-111,건기식,홍삼 스틱,붉은뜰,원료 이야기,권유형,컵에 짜서 홍삼 농축액의 짙은 갈색을 들여다보세요,,,Y,거짓_과장,0.43,,
hf-112,건기식,홍삼 스틱,붉은뜰,원료 이야기,구호형,속은 홍삼 농축액. 겉은 길쭉한 스틱.,,,Y,거짓_과장,0.63,,
hf-113,건기식,홍삼 스틱,붉은뜰,대상,명사형,물 없이 먹는 제형을 찾던 뚜벅이 출근족의 스틱,,,Y,거짓_과장,0.59,,
hf-114,건기식,홍삼 스틱,붉은뜰,대상,해요체,운전석에서 아침을 보내는 분들이 콘솔에 넣어 다녀요,,,Y,거짓_과장,0.54,,
hf-115,건기식,홍삼 스틱,붉은뜰,대상,권유형,정제 삼키기가 번거롭다면 짜 먹는 스틱을 골라 보세요,,,,,0.3,,
hf-116,건기식,홍삼 스틱,붉은뜰,대상,구호형,"이동이 많은 하루, 물 없이 한 포.",,,Y,거짓_과장,0.59,,
hf-117,건기식,홍삼 스틱,붉은뜰,제품 사실,명사형,스틱 30포를 세워 담은 한 상자,,,Y,거짓_과장,0.79,,
hf-118,건기식,홍삼 스틱,붉은뜰,제품 사실,해요체,"하루 한 포씩, 한 상자로 한 달을 먹어요",,,,,0.38,,
hf-119,건기식,홍삼 스틱,붉은뜰,제품 사실,권유형,뜯은 스틱은 남기지 말고 그 자리에서 다 드세요,,,,,0.29,,
hf-120,건기식,홍삼 스틱,붉은뜰,제품 사실,구호형,한 상자 30포. 절취선 따라 쭉.,,,Y,거짓_과장,0.7,,
hf-121,건기식,칼슘 정,흰돌담,사용 장면,명사형,저녁 식사 중에 물과 함께 삼키는 칼슘 정,,,Y,거짓_과장,0.46,,
hf-122,건기식,칼슘 정,흰돌담,사용 장면,해요체,저녁밥 먹다가 숟가락 내려놓고 두 정을 삼켜요,,,Y,거짓_과장,0.59,,
hf-123,건기식,칼슘 정,흰돌담,사용 장면,권유형,수저통 옆에 흰돌담을 두고 저녁마다 챙겨 보세요,,,,,0.38,,
hf-124,건기식,칼슘 정,흰돌담,사용 장면,구호형,"저녁 밥상 옆자리, 흰 정제 두 알.",,,Y,거짓_과장,0.69,,
hf-125,건기식,칼슘 정,흰돌담,감각,명사형,분필처럼 하얗고 표면이 보송한 원형 정제,,,Y,거짓_과장,0.63,,
hf-126,건기식,칼슘 정,흰돌담,감각,해요체,씹지 않고 삼키는 정제라 텁텁한 맛이 남지 않아요,Y,,Y,거짓_과장,0.51,,
hf-127,건기식,칼슘 정,흰돌담,감각,권유형,한 번에 두 정이 많으면 한 정씩 나눠 삼켜 보세요,,,Y,거짓_과장,0.56,,
hf-128,건기식,칼슘 정,흰돌담,감각,구호형,하얗고 단단한 정제. 맛은 거의 없이.,,,Y,소비자_기만,0.5,,
hf-129,건기식,칼슘 정,흰돌담,원료 이야기,명사형,칼슘을 주원료로 눌러 찍은 흰색 정제,,,Y,거짓_과장,0.63,,
hf-130,건기식,칼슘 정,흰돌담,원료 이야기,해요체,흰돌담 정제에는 칼슘과 비타민D가 함께 있어요,Y,,Y,거짓_과장,0.51,,
hf-131,건기식,칼슘 정,흰돌담,원료 이야기,권유형,원료가 칼슘이라는 것부터 알고 시작해 보세요,,,Y,소비자_기만,0.61,,
hf-132,건기식,칼슘 정,흰돌담,원료 이야기,구호형,칼슘을 담았다. 모양은 흰 원형.,,,Y,거짓_과장,0.62,,
hf-133,건기식,칼슘 정,흰돌담,대상,명사형,저녁상을 직접 차리는 사람의 찬장 속 큰 병,,,Y,거짓_과장,0.41,,
hf-134,건기식,칼슘 정,흰돌담,대상,해요체,식사하면서 챙기는 쪽이 익숙한 어른들이 골라요,Y,,,,0.33,,
hf-135,건기식,칼슘 정,흰돌담,대상,권유형,부모님 댁 식탁에 한 병 놓아 드려 보세요,,,,,0.26,,
hf-136,건기식,칼슘 정,흰돌담,대상,구호형,집밥파의 저녁. 밥상 위에 두 정.,,,Y,거짓_과장,0.7,,
hf-137,건기식,칼슘 정,흰돌담,제품 사실,명사형,"하루 두 정, 180정을 담은 큼직한 병",,,Y,거짓_과장,0.51,,
hf-138,건기식,칼슘 정,흰돌담,제품 사실,해요체,병이 큰 편이라 찬장 아래 칸에 세워 두고 써요,,,Y,소비자_기만,0.6,,
hf-139,건기식,칼슘 정,흰돌담,제품 사실,권유형,정제가 눅눅해지지 않게 물기 없는 손으로 꺼내세요,,,,,0.42,,
hf-140,건기식,칼슘 정,흰돌담,제품 사실,구호형,큰 병 하나에 180정. 석 달을 쓴다.,,,,,0.25,,
hf-141,건기식,마그네슘 정,초록문,사용 장면,명사형,저녁 양치 전에 화장대에서 챙기는 마그네슘 정,,,Y,거짓_과장,0.45,,
hf-142,건기식,마그네슘 정,초록문,사용 장면,해요체,하루 일과를 마치고 씻기 전에 초록문을 한 정 넘겨요,,,Y,소비자_기만,0.63,,
hf-143,건기식,마그네슘 정,초록문,사용 장면,권유형,거실 테이블에 물컵과 함께 올려 두어 보세요,,,Y,소비자_기만,0.56,,
hf-144,건기식,마그네슘 정,초록문,사용 장면,구호형,"저녁 아홉 시 무렵, 물 한 잔에 한 정.",,,,,0.36,,
hf-145,건기식,마그네슘 정,초록문,감각,명사형,회백색을 띠는 도톰한 장방형 정제,,,Y,거짓_과장,0.65,,
hf-146,건기식,마그네슘 정,초록문,감각,해요체,표면이 반들반들해서 손에 가루가 묻어나지 않아요,Y,,Y,거짓_과장,0.53,,
hf-147,건기식,마그네슘 정,초록문,감각,권유형,도톰한 정제이니 고개를 살짝 들고 삼켜 보세요,,,Y,거짓_과장,0.65,,
hf-148,건기식,마그네슘 정,초록문,감각,구호형,도톰한 모양. 손끝에 가루 없이.,,,Y,거짓_과장,0.77,,
hf-149,건기식,마그네슘 정,초록문,원료 이야기,명사형,산화마그네슘을 주원료로 한 코팅 정제,Y,,Y,거짓_과장,0.67,,
hf-150,건기식,마그네슘 정,초록문,원료 이야기,해요체,초록문은 마그네슘을 원료로 삼아 정제로 찍었어요,,,Y,거짓_과장,0.48,,
hf-151,건기식,마그네슘 정,초록문,원료 이야기,권유형,포장 뒷면 첫 줄에서 마그네슘을 찾아보세요,,,Y,거짓_과장 소비자_기만,0.57,,
hf-152,건기식,마그네슘 정,초록문,원료 이야기,구호형,"원료 칸 첫 줄, 마그네슘.",,,Y,거짓_과장,0.65,,
hf-153,건기식,마그네슘 정,초록문,대상,명사형,저녁 일과가 일정한 사람이 화장대에 두는 정제,,,Y,거짓_과장,0.48,,
hf-154,건기식,마그네슘 정,초록문,대상,해요체,퇴근하고 집에서 저녁을 보내는 생활과 잘 어울려요,,,,,0.27,,
hf-155,건기식,마그네슘 정,초록문,대상,권유형,저녁마다 차를 우리는 분이라면 찻잔 옆에 두어 보세요,,,Y,거짓_과장 소비자_기만,0.66,,
hf-156,건기식,마그네슘 정,초록문,대상,구호형,"저녁 루틴이 있는 사람, 한 줄 더하기.",,,Y,거짓_과장,0.61,,
hf-157,건기식,마그네슘 정,초록문,제품 사실,명사형,"열 알씩 여섯 판, 60정 블리스터 상자",,,Y,거짓_과장,0.77,,
hf-158,건기식,마그네슘 정,초록문,제품 사실,해요체,한 판에 열 정이라 며칠 치 먹었는지 바로 보여요,,,Y,거짓_과장,0.51,,
hf-159,건기식,마그네슘 정,초록문,제품 사실,권유형,한 판만 떼어 지갑 크기 파우치에 넣어 다녀 보세요,,,Y,거짓_과장,0.59,,
hf-160,건기식,마그네슘 정,초록문,제품 사실,구호형,"열 정 한 판, 여섯 판 한 상자.",,,Y,거짓_과장,0.72,,
hf-161,건기식,비타민D 드롭,톡방울,사용 장면,명사형,아침 요거트 위에 한 방울 떨어뜨리는 비타민D 드롭,,,Y,거짓_과장,0.75,,
hf-162,건기식,비타민D 드롭,톡방울,사용 장면,해요체,아침 물컵에 톡방울을 한 방울 섞어서 마셔요,,,,,0.3,,
hf-163,건기식,비타민D 드롭,톡방울,사용 장면,권유형,숟가락에 한 방울 받아서 그대로 드셔 보세요,,,,,0.34,,
hf-164,건기식,비타민D 드롭,톡방울,사용 장면,구호형,"아침 숟가락 위에, 톡 한 방울.",,,Y,거짓_과장,0.56,,
hf-165,건기식,비타민D 드롭,톡방울,감각,명사형,맛과 향이 거의 느껴지지 않는 맑은 오일 방울,,,Y,거짓_과장 소비자_기만,0.6,,
hf-166,건기식,비타민D 드롭,톡방울,감각,해요체,묽은 오일이라 음식에 섞어도 맛이 달라지지 않아요,,,,,0.33,,
hf-167,건기식,비타민D 드롭,톡방울,감각,권유형,삼킬 것 없이 떨어뜨리기만 하는 제형을 써 보세요,,,Y,거짓_과장,0.59,,
hf-168,건기식,비타민D 드롭,톡방울,감각,구호형,맑은 한 방울. 맛은 그대로.,,,Y,거짓_과장 소비자_기만,0.66,,
hf-169,건기식,비타민D 드롭,톡방울,원료 이야기,명사형,비타민D를 오일에 녹여 담은 액상 드롭,,,Y,거짓_과장,0.67,,
hf-170,건기식,비타민D 드롭,톡방울,원료 이야기,해요체,톡방울은 비타민D를 오일에 풀어서 병에 담았어요,,,Y,소비자_기만,0.54,,
hf-171,건기식,비타민D 드롭,톡방울,원료 이야기,권유형,"오일에 풀어 담은 비타민D, 한 방울로 만나 보세요",,,Y,거짓_과장,0.52,,
hf-172,건기식,비타민D 드롭,톡방울,원료 이야기,구호형,"오일 한 방울 속, 비타민D.",,,Y,거짓_과장,0.79,,
hf-173,건기식,비타민D 드롭,톡방울,대상,명사형,정제도 캡슐도 삼키기 번거로운 이를 위한 작은 병,,,,,0.24,,
hf-174,건기식,비타민D 드롭,톡방울,대상,해요체,아침을 요거트나 시리얼로 먹는 집에서 쓰기 좋아요,,,,,0.25,,
hf-175,건기식,비타민D 드롭,톡방울,대상,권유형,온 가족이 한 병을 같이 쓰는 집이라면 식탁에 두어 보세요,,,Y,소비자_기만,0.58,,
hf-176,건기식,비타민D 드롭,톡방울,대상,구호형,"삼키기 귀찮은 날에도, 떨어뜨리면 한 방울.",,,Y,거짓_과장,0.49,,
hf-177,건기식,비타민D 드롭,톡방울,제품 사실,명사형,한 방울씩 떨어지는 마개를 단 갈색 유리병,,,Y,거짓_과장,0.48,,
hf-178,건기식,비타민D 드롭,톡방울,제품 사실,해요체,병을 거꾸로 들면 한 방울씩 똑똑 떨어져요,,,Y,거짓_과장,0.47,,
hf-179,건기식,비타민D 드롭,톡방울,제품 사실,권유형,쓴 뒤에는 입구를 닦고 세워서 두세요,,,Y,거짓_과장 소비자_기만,0.69,,
hf-180,건기식,비타민D 드롭,톡방울,제품 사실,구호형,하루 한 방울. 손가락만 한 유리병.,,,Y,거짓_과장,0.41,,
hf-181,건기식,콜라겐 분말 스틱,오후의복숭아,사용 장면,명사형,오후 세 시 탕비실에서 물에 타는 콜라겐 스틱,,,Y,거짓_과장,0.45,,
hf-182,건기식,콜라겐 분말 스틱,오후의복숭아,사용 장면,해요체,점심 뒤 텀블러에 오후의복숭아 한 포를 털어 넣어요,,,,,0.47,,
hf-183,건기식,콜라겐 분말 스틱,오후의복숭아,사용 장면,권유형,찬물 한 컵에 한 포를 풀어 천천히 마셔 보세요,,,,,0.39,,
hf-184,건기식,콜라겐 분말 스틱,오후의복숭아,사용 장면,구호형,"오후의 텀블러, 분말 한 포.",,,Y,거짓_과장,0.41,,
hf-185,건기식,콜라겐 분말 스틱,오후의복숭아,감각,명사형,복숭아 향이 퍼지는 고운 분홍빛 분말,,,Y,거짓_과장,0.67,,
hf-186,건기식,콜라겐 분말 스틱,오후의복숭아,감각,해요체,입자가 고와서 몇 번만 저어도 덩어리 없이 풀려요,,,Y,거짓_과장,0.56,,
hf-187,건기식,콜라겐 분말 스틱,오후의복숭아,감각,권유형,물 없이 입에 털어 넣어 사르르 녹여 드셔 보세요,,,Y,거짓_과장,0.42,,
hf-188,건기식,콜라겐 분말 스틱,오후의복숭아,감각,구호형,복숭아 향 솔솔. 가루는 곱게.,,,Y,거짓_과장,0.59,,
hf-189,건기식,콜라겐 분말 스틱,오후의복숭아,원료 이야기,명사형,콜라겐 펩타이드 분말을 한 포씩 담은 스틱,,,Y,거짓_과장,0.48,,
hf-190,건기식,콜라겐 분말 스틱,오후의복숭아,원료 이야기,해요체,콜라겐을 고운 가루로 만들어 스틱에 나눠 담았어요,,,Y,거짓_과장,0.47,,
hf-191,건기식,콜라겐 분말 스틱,오후의복숭아,원료 이야기,권유형,스틱을 뜯어 콜라겐 분말의 고운 입자를 살펴보세요,,,Y,거짓_과장,0.62,,
hf-192,건기식,콜라겐 분말 스틱,오후의복숭아,원료 이야기,구호형,콜라겐을 가루로. 스틱 한 포에.,,,Y,거짓_과장,0.71,,
hf-193,건기식,콜라겐 분말 스틱,오후의복숭아,대상,명사형,오후에 음료 한 잔을 꼭 마시는 사람의 서랍 속 스틱,,,Y,거짓_과장,0.48,,
hf-194,건기식,콜라겐 분말 스틱,오후의복숭아,대상,해요체,텀블러를 늘 들고 다닌다면 타 마시기 수월해요,,,,,0.28,,
hf-195,건기식,콜라겐 분말 스틱,오후의복숭아,대상,권유형,달콤한 향의 음료를 즐긴다면 물에 풀어 마셔 보세요,,,,,0.4,,
hf-196,건기식,콜라겐 분말 스틱,오후의복숭아,대상,구호형,"마시는 걸 즐긴다면, 타 먹는 한 포.",,,,,0.48,,
hf-197,건기식,콜라겐 분말 스틱,오후의복숭아,제품 사실,명사형,얇은 스틱 30포가 들어 있는 서랍형 상자,,,Y,거짓_과장,0.82,,
hf-198,건기식,콜라겐 분말 스틱,오후의복숭아,제품 사실,해요체,스틱이 얇아서 필통이나 주머니에도 쏙 들어가요,,,Y,거짓_과장,0.49,,
hf-199,건기식,콜라겐 분말 스틱,오후의복숭아,제품 사실,권유형,가루가 굳지 않게 습기 없는 서랍에 넣어 두세요,,,Y,거짓_과장,0.48,,
hf-200,건기식,콜라겐 분말 스틱,오후의복숭아,제품 사실,구호형,하루 한 포. 손가락 길이 스틱.,,,Y,거짓_과장,0.67,,
hf-201,건기식,밀크씨슬 정,보랏빛들,사용 장면,명사형,저녁 식사 뒤 거실에서 물과 함께 넘기는 밀크씨슬 정,,,Y,거짓_과장,0.5,,
hf-202,건기식,밀크씨슬 정,보랏빛들,사용 장면,해요체,퇴근해서 손 씻고 나면 보랏빛들을 한 정 챙겨요,,,,,0.47,,
hf-203,건기식,밀크씨슬 정,보랏빛들,사용 장면,권유형,정수기 옆 선반에 올려 두고 물 받을 때 꺼내 보세요,,,Y,거짓_과장 소비자_기만,0.53,,
hf-204,건기식,밀크씨슬 정,보랏빛들,사용 장면,구호형,"물 받는 김에, 정수기 옆 한 정.",,,Y,거짓_과장,0.51,,
hf-205,건기식,밀크씨슬 정,보랏빛들,감각,명사형,연갈색에 풀 내음이 옅게 도는 작은 정제,,,Y,거짓_과장,0.44,,
hf-206,건기식,밀크씨슬 정,보랏빛들,감각,해요체,정제가 콩알만 해서 한 번에 꿀꺽 넘어가요,,,,,0.43,,
hf-207,건기식,밀크씨슬 정,보랏빛들,감각,권유형,코팅된 정제이니 씹지 말고 통째로 삼켜 보세요,,,Y,거짓_과장,0.47,,
hf-208,건기식,밀크씨슬 정,보랏빛들,감각,구호형,콩알만 한 크기. 꿀꺽 한 번.,,,Y,거짓_과장,0.53,,
hf-209,건기식,밀크씨슬 정,보랏빛들,원료 이야기,명사형,밀크씨슬 추출물을 담아 찍어 낸 정제,,,Y,거짓_과장,0.41,,
hf-210,건기식,밀크씨슬 정,보랏빛들,원료 이야기,해요체,보랏빛들에는 밀크씨슬 열매 추출물이 쓰였어요,,,Y,거짓_과장,0.54,,
hf-211,건기식,밀크씨슬 정,보랏빛들,원료 이야기,권유형,밀크씨슬 추출물을 담은 정제로 저녁을 마무리해 보세요,Y,,Y,거짓_과장,0.62,,
hf-212,건기식,밀크씨슬 정,보랏빛들,원료 이야기,구호형,"밀크씨슬 추출물, 작은 정제 속에.",,,Y,거짓_과장,0.53,,
hf-213,건기식,밀크씨슬 정,보랏빛들,대상,명사형,정수기 앞을 자주 오가는 사람의 선반 위 초록 병,,,Y,거짓_과장,0.52,,
hf-214,건기식,밀크씨슬 정,보랏빛들,대상,해요체,큰 정제를 꺼리던 가족도 이 크기는 잘 삼켜요,Y,,Y,거짓_과장,0.63,,
hf-215,건기식,밀크씨슬 정,보랏빛들,대상,권유형,저녁마다 식탁을 정리하는 분이라면 그때 함께 챙겨 보세요,,,,,0.49,,
hf-216,건기식,밀크씨슬 정,보랏빛들,대상,구호형,큰 정제는 사양. 콩알 크기를 찾는 사람.,Y,,Y,거짓_과장,0.57,,
hf-217,건기식,밀크씨슬 정,보랏빛들,제품 사실,명사형,돌려 여는 뚜껑의 초록 병에 담긴 60정,,,Y,거짓_과장,0.78,,
hf-218,건기식,밀크씨슬 정,보랏빛들,제품 사실,해요체,병이 작아서 손가방 안주머니에도 들어가요,,,,,0.33,,
hf-219,건기식,밀크씨슬 정,보랏빛들,제품 사실,권유형,뚜껑을 연 뒤에는 햇빛이 들지 않는 곳에 두세요,,,Y,거짓_과장,0.55,,
hf-220,건기식,밀크씨슬 정,보랏빛들,제품 사실,구호형,작은 초록 병. 그 안에 60정.,,,Y,거짓_과장,0.55,,
hf-221,건기식,아연 정,은빛한알,사용 장면,명사형,아침 세수 뒤 세면대 선반에서 꺼내는 아연 정,,,Y,거짓_과장,0.58,,
hf-222,건기식,아연 정,은빛한알,사용 장면,해요체,아침 먹고 설거지하기 전에 은빛한알을 하나 삼켜요,,,,,0.35,,
hf-223,건기식,아연 정,은빛한알,사용 장면,권유형,식사를 마친 다음 물 한 컵과 함께 챙겨 보세요,,,,,0.29,,
hf-224,건기식,아연 정,은빛한알,사용 장면,구호형,"식사 뒤 물 한 컵, 그리고 한 알.",,,,,0.24,,
hf-225,건기식,아연 정,은빛한알,감각,명사형,새끼손톱 크기의 얇고 하얀 정제,,,Y,거짓_과장,0.62,,
hf-226,건기식,아연 정,은빛한알,감각,해요체,얇은 정제라 물을 조금만 마셔도 쉽게 넘어가요,,,,,0.3,,
hf-227,건기식,아연 정,은빛한알,감각,권유형,입에 오래 물지 말고 물과 함께 바로 삼켜 보세요,,,Y,거짓_과장,0.65,,
hf-228,건기식,아연 정,은빛한알,감각,구호형,얇고 작게. 넘김은 단숨에.,,,Y,거짓_과장,0.65,,
hf-229,건기식,아연 정,은빛한알,원료 이야기,명사형,산화아연을 원료로 써서 눌러 만든 정제,Y,,Y,거짓_과장,0.58,,
hf-230,건기식,아연 정,은빛한알,원료 이야기,해요체,은빛한알은 아연을 주원료로 한 정제예요,,,Y,거짓_과장,0.54,,
hf-231,건기식,아연 정,은빛한알,원료 이야기,권유형,"아연을 담은 정제 한 알, 식탁에 올려 보세요",,,,,0.37,,
hf-232,건기식,아연 정,은빛한알,원료 이야기,구호형,주원료 아연. 얇은 흰 정제.,,,Y,거짓_과장,0.72,,
hf-233,건기식,아연 정,은빛한알,대상,명사형,작은 정제를 선호하는 사람이 세면대에 두는 케이스,,,Y,거짓_과장,0.71,,
hf-234,건기식,아연 정,은빛한알,대상,해요체,세면대 앞에서 아침 순서를 다 끝내는 사람과 맞아요,,,Y,거짓_과장,0.48,,
hf-235,건기식,아연 정,은빛한알,대상,권유형,캠핑을 자주 다닌다면 작은 통에 덜어 가 보세요,,,Y,거짓_과장 소비자_기만,0.55,,
hf-236,건기식,아연 정,은빛한알,대상,구호형,짐을 줄이는 여행자. 납작한 한 통이면.,,,Y,거짓_과장,0.79,,
hf-237,건기식,아연 정,은빛한알,제품 사실,명사형,납작한 원통 케이스에 담긴 90정,,,Y,거짓_과장,0.77,,
hf-238,건기식,아연 정,은빛한알,제품 사실,해요체,케이스가 납작해서 바지 주머니에 넣어도 티가 안 나요,,,,,0.34,,
hf-239,건기식,아연 정,은빛한알,제품 사실,권유형,하루 한 정만 드시고 뚜껑은 딸깍 닫아 두세요,,,Y,거짓_과장,0.52,,
hf-240,건기식,아연 정,은빛한알,제품 사실,구호형,납작한 케이스. 딸깍 열면 90정.,,,Y,거짓_과장,0.81,,
hf-241,건기식,철분 캡슐,체리알,사용 장면,명사형,아침 식사 전 주스 한 잔과 삼키는 철분 캡슐,,,Y,거짓_과장,0.54,,
hf-242,건기식,철분 캡슐,체리알,사용 장면,해요체,일어나서 물 한 컵 마실 때 체리알을 같이 넘겨요,,,,,0.21,,
hf-243,건기식,철분 캡슐,체리알,사용 장면,권유형,오렌지 주스를 따르는 김에 한 캡슐 꺼내 보세요,,,,,0.44,,
hf-244,건기식,철분 캡슐,체리알,사용 장면,구호형,"아침 주스 한 잔, 붉은 캡슐 하나.",,,Y,거짓_과장 소비자_기만,0.64,,
hf-245,건기식,철분 캡슐,체리알,감각,명사형,짙은 자줏빛을 띠는 자그마한 경질 캡슐,,,Y,거짓_과장,0.68,,
hf-246,건기식,철분 캡슐,체리알,감각,해요체,캡슐에 담겨 있어서 쇠 비린 맛이 나지 않아요,Y,,,,0.3,,
hf-247,건기식,철분 캡슐,체리알,감각,권유형,캡슐을 열지 말고 그대로 물과 삼켜 보세요,,,Y,거짓_과장 소비자_기만,0.57,,
hf-248,건기식,철분 캡슐,체리알,감각,구호형,자줏빛 작은 캡슐. 맛은 느낄 새 없이.,,,Y,거짓_과장 소비자_기만,0.51,,
hf-249,건기식,철분 캡슐,체리알,원료 이야기,명사형,철분 원료를 가루로 담은 두 조각 캡슐,,,Y,거짓_과장,0.53,,
hf-250,건기식,철분 캡슐,체리알,원료 이야기,해요체,체리알 캡슐 하나에 철분과 비타민C를 같이 넣었어요,Y,,,,0.37,,
hf-251,건기식,철분 캡슐,체리알,원료 이야기,권유형,철분과 비타민C를 한 캡슐로 같이 챙겨 보세요,Y,,,,0.23,,
hf-252,건기식,철분 캡슐,체리알,원료 이야기,구호형,속에는 철분 가루. 겉은 자줏빛 캡슐.,,,Y,거짓_과장,0.61,,
hf-253,건기식,철분 캡슐,체리알,대상,명사형,아침마다 주스를 갈아 마시는 집의 냉장고 옆 한 병,,,Y,거짓_과장,0.54,,
hf-254,건기식,철분 캡슐,체리알,대상,해요체,정제 맛이 입에 남는 걸 싫어한다면 캡슐을 골라요,Y,,,,0.28,,
hf-255,건기식,철분 캡슐,체리알,대상,권유형,아침 식탁이 단출한 분이라면 컵 옆에 놓아 보세요,,,Y,거짓_과장,0.51,,
hf-256,건기식,철분 캡슐,체리알,대상,구호형,"주스로 아침을 여는 집, 컵 옆에 한 캡슐.",,,Y,거짓_과장,0.46,,
hf-257,건기식,철분 캡슐,체리알,제품 사실,명사형,30캡슐 작은 병 두 개가 든 한 상자,,,Y,거짓_과장,0.54,,
hf-258,건기식,철분 캡슐,체리알,제품 사실,해요체,작은 병 두 개로 나뉘어 있어 하나는 회사에 둬요,,,,,0.38,,
hf-259,건기식,철분 캡슐,체리알,제품 사실,권유형,아이 손이 닿지 않는 높은 선반에 올려 두세요,Y,,Y,거짓_과장,0.55,,
hf-260,건기식,철분 캡슐,체리알,제품 사실,구호형,작은 병 둘. 병마다 30캡슐.,,,Y,소비자_기만,0.52,,
hf-261,건기식,유산균 분말 스틱,구름스틱,사용 장면,명사형,아침 양치 전 입에 털어 넣는 유산균 분말 스틱,,,Y,거짓_과장,0.43,,
hf-262,건기식,유산균 분말 스틱,구름스틱,사용 장면,해요체,버스 기다리면서 구름스틱 한 포를 뜯어 털어 넣어요,,,Y,거짓_과장 소비자_기만,0.55,,
hf-263,건기식,유산균 분말 스틱,구름스틱,사용 장면,권유형,아침 요거트에 한 포를 뿌려서 떠 드셔 보세요,,,,,0.39,,
hf-264,건기식,유산균 분말 스틱,구름스틱,사용 장면,구호형,"버스 정류장에서, 뜯어서 한 포.",,,Y,거짓_과장,0.56,,
hf-265,건기식,유산균 분말 스틱,구름스틱,감각,명사형,요구르트 맛이 나는 새하얀 고운 가루,,,Y,거짓_과장,0.62,,
hf-266,건기식,유산균 분말 스틱,구름스틱,감각,해요체,혀에 닿으면 물 없이도 사르르 녹아 없어져요,,,Y,거짓_과장,0.66,,
hf-267,건기식,유산균 분말 스틱,구름스틱,감각,권유형,새콤달콤한 맛을 좋아한다면 그대로 털어 드셔 보세요,,,Y,소비자_기만,0.65,,
hf-268,건기식,유산균 분말 스틱,구름스틱,감각,구호형,"새콤하게 닿고, 달콤하게 녹는 가루.",,,Y,거짓_과장,0.75,,
hf-269,건기식,유산균 분말 스틱,구름스틱,원료 이야기,명사형,유산균 분말을 한 포씩 나눠 담은 스틱,,,Y,거짓_과장 소비자_기만,0.52,,
hf-270,건기식,유산균 분말 스틱,구름스틱,원료 이야기,해요체,구름스틱 한 포에는 여러 종의 유산균이 담겨 있어요,,,Y,거짓_과장,0.53,,
hf-271,건기식,유산균 분말 스틱,구름스틱,원료 이야기,권유형,어떤 균주가 들었는지 파우치 뒷면을 넘겨 보세요,,,Y,거짓_과장 소비자_기만,0.81,,
hf-272,건기식,유산균 분말 스틱,구름스틱,원료 이야기,구호형,"스틱을 뜯으면, 유산균 가루.",,,Y,거짓_과장,0.68,,
hf-273,건기식,유산균 분말 스틱,구름스틱,대상,명사형,캡슐 삼키기를 번거로워하는 사람이 고르는 가루 스틱,,,Y,거짓_과장,0.49,,
hf-274,건기식,유산균 분말 스틱,구름스틱,대상,해요체,물 마실 틈 없이 집을 나서는 날에도 챙길 수 있어요,,,,,0.39,,
hf-275,건기식,유산균 분말 스틱,구름스틱,대상,권유형,아침을 요거트로 먹는 분이라면 토핑처럼 뿌려 보세요,,,,,0.45,,
hf-276,건기식,유산균 분말 스틱,구름스틱,대상,구호형,"물 챙길 틈 없는 출근길, 녹여 먹는 한 포.",,,Y,거짓_과장,0.44,,
hf-277,건기식,유산균 분말 스틱,구름스틱,제품 사실,명사형,스틱 50포를 담은 지퍼 파우치 한 봉,,,Y,거짓_과장,0.58,,
hf-278,건기식,유산균 분말 스틱,구름스틱,제품 사실,해요체,하루 한 포씩 먹고 남은 건 지퍼를 눌러 닫아요,,,,,0.5,,
hf-279,건기식,유산균 분말 스틱,구름스틱,제품 사실,권유형,더운 계절에는 냉장고 문 칸에 넣어 두세요,,,Y,거짓_과장,0.56,,
hf-280,건기식,유산균 분말 스틱,구름스틱,제품 사실,구호형,지퍼 파우치 한 봉. 스틱은 50포.,,,Y,거짓_과장 소비자_기만,0.54,,
hf-281,건기식,프로폴리스 스프레이,꿀벌정원,사용 장면,명사형,외출 전 현관에서 입안에 뿌리는 프로폴리스 스프레이,,,Y,거짓_과장,0.54,,
hf-282,건기식,프로폴리스 스프레이,꿀벌정원,사용 장면,해요체,지하철에서 내려 사무실 들어가기 전에 한 번 뿌려요,,,Y,소비자_기만,0.51,,
hf-283,건기식,프로폴리스 스프레이,꿀벌정원,사용 장면,권유형,가방 앞주머니에 넣어 두고 생각날 때 뿌려 보세요,,,Y,소비자_기만,0.62,,
hf-284,건기식,프로폴리스 스프레이,꿀벌정원,사용 장면,구호형,"엘리베이터 타기 전, 칙칙 두 번.",,,Y,거짓_과장,0.65,,
hf-285,건기식,프로폴리스 스프레이,꿀벌정원,감각,명사형,달큰한 벌꿀 향과 알싸한 끝맛의 분사액,,,Y,거짓_과장,0.84,,
hf-286,건기식,프로폴리스 스프레이,꿀벌정원,감각,해요체,고운 안개처럼 퍼져서 입안에 골고루 닿아요,,,Y,거짓_과장 소비자_기만,0.65,,
hf-287,건기식,프로폴리스 스프레이,꿀벌정원,감각,권유형,알싸한 맛이 세게 느껴지면 한 번만 뿌려 보세요,,,,,0.37,,
hf-288,건기식,프로폴리스 스프레이,꿀벌정원,감각,구호형,달큰한 향. 끝맛은 알싸하게.,,,Y,거짓_과장 소비자_기만,0.67,,
hf-289,건기식,프로폴리스 스프레이,꿀벌정원,원료 이야기,명사형,프로폴리스 추출물을 곱게 분사하는 스프레이,,,Y,거짓_과장,0.49,,
hf-290,건기식,프로폴리스 스프레이,꿀벌정원,원료 이야기,해요체,벌집에서 얻은 프로폴리스 추출물을 액상으로 담았어요,Y,,Y,소비자_기만,0.52,,
hf-291,건기식,프로폴리스 스프레이,꿀벌정원,원료 이야기,권유형,벌집에서 온 프로폴리스 추출물을 한 번 뿌려 보세요,Y,,Y,소비자_기만,0.56,,
hf-292,건기식,프로폴리스 스프레이,꿀벌정원,원료 이야기,구호형,"한 번 누르면, 프로폴리스 추출물.",,,Y,거짓_과장 소비자_기만,0.6,,
hf-293,건기식,프로폴리스 스프레이,꿀벌정원,대상,명사형,물 없이 쓰는 제형을 찾는 외근러의 주머니 속 스프레이,,,Y,거짓_과장,0.81,,
hf-294,건기식,프로폴리스 스프레이,꿀벌정원,대상,해요체,삼키는 제품이 번거로웠던 사람들이 주머니에 넣고 다녀요,,,,,0.34,,
hf-295,건기식,프로폴리스 스프레이,꿀벌정원,대상,권유형,외근이 잦은 분이라면 노트북 가방에 하나 넣어 보세요,,,,,0.47,,
hf-296,건기식,프로폴리스 스프레이,꿀벌정원,대상,구호형,밖에서 보내는 하루. 주머니에 한 통.,,,Y,거짓_과장 소비자_기만,0.62,,
hf-297,건기식,프로폴리스 스프레이,꿀벌정원,제품 사실,명사형,손가락 길이의 유리병에 펌프를 단 스프레이,,,Y,거짓_과장,0.65,,
hf-298,건기식,프로폴리스 스프레이,꿀벌정원,제품 사실,해요체,뚜껑을 씌워서 가방 안에 넣고 다녀요,,,Y,거짓_과장 소비자_기만,0.6,,
hf-299,건기식,프로폴리스 스프레이,꿀벌정원,제품 사실,권유형,처음 쓸 때는 허공에 두어 번 눌러 준 뒤 뿌리세요,,,Y,소비자_기만,0.63,,
hf-300,건기식,프로폴리스 스프레이,꿀벌정원,제품 사실,구호형,하루 서너 번. 한 번에 두 번씩 칙칙.,,,Y,거짓_과장,0.61,,
cos-001,화장품,수분크림,물결 수분크림,사용 장면,명사형,세안 뒤 스킨케어 마지막 단계에 바르는 수분크림,,,Y,거짓_과장,0.76,,
cos-002,화장품,수분크림,물결 수분크림,사용 장면,해요체,아침 화장 전에 얇게 한 겹 펴 발라요,,,,,0.34,,
cos-003,화장품,수분크림,물결 수분크림,사용 장면,권유형,잠들기 전에는 평소보다 넉넉히 덜어 발라 보세요,,,Y,거짓_과장,0.43,,
cos-004,화장품,수분크림,물결 수분크림,사용 장면,구호형,"아침엔 얇게, 밤엔 도톰하게.",,,Y,거짓_과장,0.48,,
cos-005,화장품,수분크림,물결 수분크림,감각,명사형,젤처럼 가볍게 퍼지는 물결 같은 제형,,,Y,거짓_과장 소비자_기만,0.72,,
cos-006,화장품,수분크림,물결 수분크림,감각,해요체,손끝에서 부드럽게 풀리고 끈적임 없이 마무리돼요,,,Y,거짓_과장 소비자_기만,0.77,,
cos-007,화장품,수분크림,물결 수분크림,감각,권유형,손등에 먼저 덜어 가벼운 발림을 느껴 보세요,,,Y,거짓_과장,0.74,,
cos-008,화장품,수분크림,물결 수분크림,감각,구호형,"가볍게 발리고, 촉촉하게 남는다.",,,Y,거짓_과장,0.84,,
cos-009,화장품,수분크림,물결 수분크림,원료 이야기,명사형,히알루론산과 글리세린을 담은 수분크림,,,Y,거짓_과장,0.7,,
cos-010,화장품,수분크림,물결 수분크림,원료 이야기,해요체,스쿠알란을 넣어 부드러운 감촉을 더했어요,,,Y,거짓_과장,0.65,,
cos-011,화장품,수분크림,물결 수분크림,원료 이야기,권유형,전성분표에서 세라마이드를 찾아보세요,,,Y,거짓_과장,0.72,,
cos-012,화장품,수분크림,물결 수분크림,원료 이야기,구호형,"히알루론산 한 스푼, 스쿠알란 한 방울.",,,Y,거짓_과장,0.55,,
cos-013,화장품,수분크림,물결 수분크림,대상,명사형,가볍게 마무리되는 크림을 즐겨 찾는 분의 수분크림,,,,,0.46,,
cos-014,화장품,수분크림,물결 수분크림,대상,해요체,향이 은은한 기초 제품을 찾는 분께 잘 어울려요,,,,,0.16,,
cos-015,화장품,수분크림,물결 수분크림,대상,권유형,바쁜 아침 단계를 줄이고 싶다면 화장대에 올려 두세요,,,Y,거짓_과장,0.64,,
cos-016,화장품,수분크림,물결 수분크림,대상,구호형,"가벼운 취향, 간결한 화장대.",,,Y,거짓_과장,0.76,,
cos-017,화장품,수분크림,물결 수분크림,제품 사실,명사형,스패출러가 함께 든 50ml 유리 단지,,,Y,거짓_과장,0.6,,
cos-018,화장품,수분크림,물결 수분크림,제품 사실,해요체,뚜껑을 돌려 열고 스패출러로 덜어 써요,,,Y,거짓_과장,0.68,,
cos-019,화장품,수분크림,물결 수분크림,제품 사실,권유형,사용한 뒤에는 뚜껑을 꼭 닫아 보관해 주세요,,,Y,거짓_과장 소비자_기만,0.74,,
cos-020,화장품,수분크림,물결 수분크림,제품 사실,구호형,50ml 한 단지. 손바닥에 쏙.,,,Y,거짓_과장,0.79,,
cos-021,화장품,클렌징폼,구름결 클렌징폼,사용 장면,명사형,하루를 마친 저녁 세안에 쓰는 클렌징폼,,,Y,거짓_과장,0.69,,
cos-022,화장품,클렌징폼,구름결 클렌징폼,사용 장면,해요체,물 묻힌 손에 덜어 거품을 낸 뒤 얼굴에 올려요,,,Y,소비자_기만,0.56,,
cos-023,화장품,클렌징폼,구름결 클렌징폼,사용 장면,권유형,아침에는 소량만 짜서 가볍게 세안해 보세요,,,Y,거짓_과장,0.5,,
cos-024,화장품,클렌징폼,구름결 클렌징폼,사용 장면,구호형,"저녁 세안의 첫 순서, 풍성한 거품.",,,Y,거짓_과장,0.9,,
cos-025,화장품,클렌징폼,구름결 클렌징폼,감각,명사형,쫀쫀하게 올라오는 조밀한 크림 거품,,,Y,거짓_과장 소비자_기만,0.63,,
cos-026,화장품,클렌징폼,구름결 클렌징폼,감각,해요체,미세한 거품이 얼굴 위에서 미끄러지듯 움직여요,,,Y,거짓_과장 소비자_기만,0.76,,
cos-027,화장품,클렌징폼,구름결 클렌징폼,감각,권유형,손바닥에서 충분히 문질러 거품을 키워 보세요,,,Y,거짓_과장,0.69,,
cos-028,화장품,클렌징폼,구름결 클렌징폼,감각,구호형,"거품은 풍성하게, 헹굼은 말끔하게.",,,Y,거짓_과장,0.82,,
cos-029,화장품,클렌징폼,구름결 클렌징폼,원료 이야기,명사형,글리세린과 녹차추출물을 담은 세안제,,,Y,거짓_과장,0.71,,
cos-030,화장품,클렌징폼,구름결 클렌징폼,원료 이야기,해요체,코코넛오일에서 온 세정 성분으로 거품을 내요,Y,,Y,거짓_과장 소비자_기만,0.62,,
cos-031,화장품,클렌징폼,구름결 클렌징폼,원료 이야기,권유형,녹차추출물이 들어간 거품으로 세안해 보세요,,,Y,거짓_과장,0.8,,
cos-032,화장품,클렌징폼,구름결 클렌징폼,원료 이야기,구호형,"녹차추출물 담고, 거품은 넉넉히.",,,Y,거짓_과장,0.66,,
cos-033,화장품,클렌징폼,구름결 클렌징폼,대상,명사형,손으로 거품 내는 세안을 즐기는 분의 클렌징폼,,,Y,거짓_과장,0.6,,
cos-034,화장품,클렌징폼,구름결 클렌징폼,대상,해요체,풀잎처럼 싱그러운 향을 좋아한다면 잘 맞아요,,,Y,거짓_과장,0.44,,
cos-035,화장품,클렌징폼,구름결 클렌징폼,대상,권유형,운동 뒤 샤워 가방에 넣어 둘 세안제로 골라 보세요,,,Y,거짓_과장,0.47,,
cos-036,화장품,클렌징폼,구름결 클렌징폼,대상,구호형,"거품 세안을 좋아하는 당신께, 구름결.",,,Y,거짓_과장,0.8,,
cos-037,화장품,클렌징폼,구름결 클렌징폼,제품 사실,명사형,세워 두고 쓰는 150ml 튜브형 클렌징폼,,,Y,거짓_과장,0.71,,
cos-038,화장품,클렌징폼,구름결 클렌징폼,제품 사실,해요체,한 번에 손톱만큼만 짜도 얼굴 전체에 충분해요,,,Y,거짓_과장,0.55,,
cos-039,화장품,클렌징폼,구름결 클렌징폼,제품 사실,권유형,눈가를 피해 문지른 뒤 미온수로 헹궈 주세요,,,Y,거짓_과장 소비자_기만,0.51,,
cos-040,화장품,클렌징폼,구름결 클렌징폼,제품 사실,구호형,150ml 튜브. 욕실 선반에 세워서.,,,Y,거짓_과장 소비자_기만,0.55,,
cos-041,화장품,토너,옹달샘 토너,사용 장면,명사형,세안 직후 첫 단계에 쓰는 물 타입 토너,,,Y,거짓_과장 소비자_기만,0.65,,
cos-042,화장품,토너,옹달샘 토너,사용 장면,해요체,화장솜에 적셔 얼굴 안쪽에서 바깥쪽으로 닦아내요,,,Y,거짓_과장,0.53,,
cos-043,화장품,토너,옹달샘 토너,사용 장면,권유형,세안하고 물기가 마르기 전에 손으로 두드려 보세요,,,Y,거짓_과장,0.51,,
cos-044,화장품,토너,옹달샘 토너,사용 장면,구호형,"세안 다음, 크림 전에.",,,Y,거짓_과장 소비자_기만,0.59,,
cos-045,화장품,토너,옹달샘 토너,감각,명사형,물처럼 흐르고 끈적임 없이 스미는 제형,,,Y,거짓_과장 소비자_기만,0.73,,
cos-046,화장품,토너,옹달샘 토너,감각,해요체,바르고 나면 피부결이 매끈하게 정돈된 느낌이 들어요,,,Y,거짓_과장 소비자_기만,0.56,,
cos-047,화장품,토너,옹달샘 토너,감각,권유형,화장솜에 넉넉히 적셔 시원한 감촉을 느껴 보세요,,,Y,거짓_과장,0.67,,
cos-048,화장품,토너,옹달샘 토너,감각,구호형,"묽게 흐르고, 가볍게 스민다.",,,Y,거짓_과장 소비자_기만,0.74,,
cos-049,화장품,토너,옹달샘 토너,원료 이야기,명사형,판테놀과 베타인을 담은 데일리 토너,,,Y,거짓_과장,0.6,,
cos-050,화장품,토너,옹달샘 토너,원료 이야기,해요체,알로에베라잎추출물을 넣어 수분감을 더했어요,,,Y,거짓_과장,0.53,,
cos-051,화장품,토너,옹달샘 토너,원료 이야기,권유형,성분표 앞쪽에 적힌 알로에를 확인해 보세요,,,Y,거짓_과장 소비자_기만,0.73,,
cos-052,화장품,토너,옹달샘 토너,원료 이야기,구호형,"판테놀을 담았다, 알로에도 넣었다.",,,Y,소비자_기만,0.58,,
cos-053,화장품,토너,옹달샘 토너,대상,명사형,향이 옅은 기초 제품을 선호하는 분의 토너,,,Y,거짓_과장,0.4,,
cos-054,화장품,토너,옹달샘 토너,대상,해요체,여러 겹 겹쳐 바르는 걸 즐기는 분께 어울려요,,,,,0.23,,
cos-055,화장품,토너,옹달샘 토너,대상,권유형,간단한 아침 루틴을 좋아한다면 곁에 두어 보세요,,,Y,거짓_과장,0.49,,
cos-056,화장품,토너,옹달샘 토너,대상,구호형,"옅은 향 취향, 물 같은 한 병.",,,,,0.4,,
cos-057,화장품,토너,옹달샘 토너,제품 사실,명사형,한 손에 잡히는 200ml 투명 병,,,,,0.47,,
cos-058,화장품,토너,옹달샘 토너,제품 사실,해요체,입구가 좁아 화장솜에 조금씩 덜기 편해요,,,Y,거짓_과장,0.62,,
cos-059,화장품,토너,옹달샘 토너,제품 사실,권유형,작은 공병에 옮겨 담아 여행길에 챙겨 보세요,,,Y,소비자_기만,0.55,,
cos-060,화장품,토너,옹달샘 토너,제품 사실,구호형,200ml 한 병. 뚜껑은 돌려서.,,,,,0.32,,
cos-061,화장품,에센스,한방울 에센스,사용 장면,명사형,"토너 다음, 크림 전에 바르는 에센스",,,Y,소비자_기만,0.7,,
cos-062,화장품,에센스,한방울 에센스,사용 장면,해요체,스포이트로 두세 방울 떨어뜨려 얼굴에 펴 발라요,,,Y,거짓_과장,0.44,,
cos-063,화장품,에센스,한방울 에센스,사용 장면,권유형,화장이 들뜨는 날엔 파운데이션에 한 방울 섞어 보세요,Y,,,,0.4,,
cos-064,화장품,에센스,한방울 에센스,사용 장면,구호형,"토너 뒤 두 방울, 그다음 크림.",,,Y,거짓_과장 소비자_기만,0.64,,
cos-065,화장품,에센스,한방울 에센스,감각,명사형,묽은 꿀처럼 도르르 흐르는 농도,,,Y,거짓_과장,0.59,,
cos-066,화장품,에센스,한방울 에센스,감각,해요체,손바닥 온기로 감싸면 윤기가 은은하게 돌아요,,,Y,거짓_과장,0.69,,
cos-067,화장품,에센스,한방울 에센스,감각,권유형,얼굴에 올린 뒤 손바닥으로 지그시 눌러 보세요,,,Y,거짓_과장 소비자_기만,0.75,,
cos-068,화장품,에센스,한방울 에센스,감각,구호형,"쫀득하게 닿고, 매끈하게 남는다.",,,Y,거짓_과장,0.78,,
cos-069,화장품,에센스,한방울 에센스,원료 이야기,명사형,프로폴리스추출물을 담은 호박색 에센스,,,Y,거짓_과장 소비자_기만,0.53,,
cos-070,화장품,에센스,한방울 에센스,원료 이야기,해요체,히알루론산과 판테놀이 함께 들어 있어요,,,Y,거짓_과장,0.54,,
cos-071,화장품,에센스,한방울 에센스,원료 이야기,권유형,갈락토미세스발효여과물을 담은 한 병을 써 보세요,,,,,0.26,,
cos-072,화장품,에센스,한방울 에센스,원료 이야기,구호형,발효 여과물을 담았다. 프로폴리스도 함께.,,,Y,거짓_과장,0.48,,
cos-073,화장품,에센스,한방울 에센스,대상,명사형,윤기 도는 마무리를 좋아하는 분을 위한 한 병,,,,,0.17,,
cos-074,화장품,에센스,한방울 에센스,대상,해요체,스킨케어 시간을 느긋하게 즐기는 분께 어울려요,,,,,0.18,,
cos-075,화장품,에센스,한방울 에센스,대상,권유형,유리병의 묵직한 손맛을 좋아한다면 골라 보세요,,,,,0.34,,
cos-076,화장품,에센스,한방울 에센스,대상,구호형,"느긋한 저녁, 윤기 한 방울.",,,Y,거짓_과장,0.74,,
cos-077,화장품,에센스,한방울 에센스,제품 사실,명사형,스포이트 뚜껑이 달린 30ml 갈색 유리병,,,,,0.37,,
cos-078,화장품,에센스,한방울 에센스,제품 사실,해요체,스포이트 눈금으로 한 번 쓸 양을 가늠할 수 있어요,,,,,0.25,,
cos-079,화장품,에센스,한방울 에센스,제품 사실,권유형,직사광선을 피해 서늘한 곳에 세워 두세요,,,Y,거짓_과장,0.56,,
cos-080,화장품,에센스,한방울 에센스,제품 사실,구호형,30ml 갈색 병. 스포이트로 똑똑.,,,Y,거짓_과장,0.49,,
cos-081,화장품,립밤,말랑 립밤,사용 장면,명사형,외출 전 립스틱 아래에 먼저 바르는 립밤,,,Y,거짓_과장 소비자_기만,0.62,,
cos-082,화장품,립밤,말랑 립밤,사용 장면,해요체,자기 전에 도톰하게 올려 두고 잠들어요,,,Y,거짓_과장,0.51,,
cos-083,화장품,립밤,말랑 립밤,사용 장면,권유형,건조한 사무실에서는 틈날 때마다 덧발라 보세요,Y,,Y,거짓_과장,0.62,,
cos-084,화장품,립밤,말랑 립밤,사용 장면,구호형,"립스틱 전에 한 번, 자기 전에 한 번.",,,Y,거짓_과장,0.46,,
cos-085,화장품,립밤,말랑 립밤,감각,명사형,체온에 사르르 녹는 말랑한 스틱 제형,,,Y,거짓_과장,0.77,,
cos-086,화장품,립밤,말랑 립밤,감각,해요체,번들거림 없이 입술에 얇게 밀착돼요,,,Y,거짓_과장,0.64,,
cos-087,화장품,립밤,말랑 립밤,감각,권유형,달콤한 바닐라 향을 입술 위에서 느껴 보세요,,,Y,거짓_과장,0.63,,
cos-088,화장품,립밤,말랑 립밤,감각,구호형,"사르르 녹고, 매끈하게 감싼다.",,,Y,거짓_과장,0.84,,
cos-089,화장품,립밤,말랑 립밤,원료 이야기,명사형,시어버터와 밀랍으로 굳힌 스틱 립밤,,,Y,거짓_과장 소비자_기만,0.76,,
cos-090,화장품,립밤,말랑 립밤,원료 이야기,해요체,호호바씨오일을 넣어 부드럽게 발려요,,,Y,거짓_과장,0.47,,
cos-091,화장품,립밤,말랑 립밤,원료 이야기,권유형,시어버터를 담은 립밤으로 입술을 촉촉하게 가꿔 보세요,,,Y,거짓_과장 소비자_기만,0.71,,
cos-092,화장품,립밤,말랑 립밤,원료 이야기,구호형,"밀랍으로 굳히고, 시어버터로 채웠다.",,,Y,거짓_과장 소비자_기만,0.73,,
cos-093,화장품,립밤,말랑 립밤,대상,명사형,색 없는 립 제품을 좋아하는 분의 투명 립밤,,,Y,거짓_과장,0.45,,
cos-094,화장품,립밤,말랑 립밤,대상,해요체,은은한 윤기만 남는 입술을 좋아한다면 잘 맞아요,,,Y,거짓_과장,0.53,,
cos-095,화장품,립밤,말랑 립밤,대상,권유형,립밤을 자주 잃어버린다면 가방마다 하나씩 넣어 두세요,,,Y,거짓_과장 소비자_기만,0.61,,
cos-096,화장품,립밤,말랑 립밤,대상,구호형,"색은 덜고, 윤기만 살짝.",,,Y,거짓_과장,0.59,,
cos-097,화장품,립밤,말랑 립밤,제품 사실,명사형,돌려서 올리는 4g 스틱 용기,,,Y,거짓_과장,0.67,,
cos-098,화장품,립밤,말랑 립밤,제품 사실,해요체,바닥을 돌리면 내용물이 조금씩 올라와요,,,Y,거짓_과장 소비자_기만,0.78,,
cos-099,화장품,립밤,말랑 립밤,제품 사실,권유형,쓰고 나면 딸깍 소리가 나게 뚜껑을 닫아 주세요,,,Y,거짓_과장,0.65,,
cos-100,화장품,립밤,말랑 립밤,제품 사실,구호형,4g 스틱 하나. 주머니 속 단골.,,,Y,거짓_과장,0.65,,
cos-101,화장품,샴푸,숲길 샴푸,사용 장면,명사형,저녁 샤워의 첫 순서로 쓰는 샴푸,,,Y,소비자_기만,0.52,,
cos-102,화장품,샴푸,숲길 샴푸,사용 장면,해요체,머리를 충분히 적신 다음 두피부터 거품을 내요,,,Y,거짓_과장 소비자_기만,0.76,,
cos-103,화장품,샴푸,숲길 샴푸,사용 장면,권유형,운동을 마친 뒤 개운하게 머리를 감아 보세요,,,Y,거짓_과장,0.41,,
cos-104,화장품,샴푸,숲길 샴푸,사용 장면,구호형,"먼저 물로 적시고, 그다음 숲길.",,,Y,거짓_과장 소비자_기만,0.64,,
cos-105,화장품,샴푸,숲길 샴푸,감각,명사형,편백 숲을 걷는 듯한 나무 향 샴푸,,,Y,거짓_과장,0.67,,
cos-106,화장품,샴푸,숲길 샴푸,감각,해요체,거품이 금세 풍성해져 긴 머리도 감기 편해요,Y,,Y,거짓_과장,0.53,,
cos-107,화장품,샴푸,숲길 샴푸,감각,권유형,헹굴 때 손가락 사이로 풀리는 머릿결을 느껴 보세요,,,Y,거짓_과장,0.54,,
cos-108,화장품,샴푸,숲길 샴푸,감각,구호형,"거품은 쫀쫀하게, 향은 숲처럼.",,,Y,거짓_과장,0.78,,
cos-109,화장품,샴푸,숲길 샴푸,원료 이야기,명사형,로즈마리잎추출물과 판테놀을 담은 샴푸,,,Y,거짓_과장,0.49,,
cos-110,화장품,샴푸,숲길 샴푸,원료 이야기,해요체,동백오일을 더해 감은 뒤 머릿결이 부드러워요,Y,,Y,거짓_과장 소비자_기만,0.51,,
cos-111,화장품,샴푸,숲길 샴푸,원료 이야기,권유형,편백수를 담은 샴푸로 하루를 씻어 내 보세요,,,Y,거짓_과장,0.53,,
cos-112,화장품,샴푸,숲길 샴푸,원료 이야기,구호형,"로즈마리 한 줌, 편백수 한 바가지.",,,Y,거짓_과장,0.63,,
cos-113,화장품,샴푸,숲길 샴푸,대상,명사형,풀과 나무 향을 곁에 두고 싶은 분의 샴푸,,,Y,거짓_과장,0.44,,
cos-114,화장품,샴푸,숲길 샴푸,대상,해요체,나무 향을 좋아하는 식구가 많은 집 욕실에 어울려요,,,,,0.28,,
cos-115,화장품,샴푸,숲길 샴푸,대상,권유형,뽀드득한 마무리를 좋아한다면 한번 써 보세요,,,,,0.42,,
cos-116,화장품,샴푸,숲길 샴푸,대상,구호형,"나무 향 취향, 욕실 한 켠의 숲길.",,,Y,거짓_과장,0.81,,
cos-117,화장품,샴푸,숲길 샴푸,제품 사실,명사형,펌프로 눌러 쓰는 500ml 대용량 용기,,,Y,거짓_과장,0.6,,
cos-118,화장품,샴푸,숲길 샴푸,제품 사실,해요체,펌프 한 번에 단발머리 한 번 감을 양이 나와요,,,Y,거짓_과장,0.45,,
cos-119,화장품,샴푸,숲길 샴푸,제품 사실,권유형,다 쓰면 리필 파우치로 용기를 다시 채워 보세요,Y,,Y,거짓_과장 소비자_기만,0.57,,
cos-120,화장품,샴푸,숲길 샴푸,제품 사실,구호형,500ml 펌프 용기. 한 번 눌러 한 번 감기.,,,Y,거짓_과장 소비자_기만,0.6,,
cos-121,화장품,바디워시,포근 바디워시,사용 장면,명사형,하루 끝 따뜻한 샤워에 쓰는 바디워시,,,Y,거짓_과장,0.65,,
cos-122,화장품,바디워시,포근 바디워시,사용 장면,해요체,샤워볼에 짜서 거품을 낸 뒤 몸을 문질러요,,,,,0.39,,
cos-123,화장품,바디워시,포근 바디워시,사용 장면,권유형,아침 샤워에 써서 은은한 향으로 하루를 시작해 보세요,,,Y,거짓_과장,0.54,,
cos-124,화장품,바디워시,포근 바디워시,사용 장면,구호형,"샤워기 물소리, 포근한 거품.",,,Y,거짓_과장,0.86,,
cos-125,화장품,바디워시,포근 바디워시,감각,명사형,갓 세탁한 이불 같은 포근한 비누 향,,,Y,거짓_과장,0.62,,
cos-126,화장품,바디워시,포근 바디워시,감각,해요체,젤 타입이라 샤워볼에서 거품이 빨리 올라와요,,,Y,거짓_과장 소비자_기만,0.66,,
cos-127,화장품,바디워시,포근 바디워시,감각,권유형,거품을 어깨에 올려 미끄러지는 감촉을 즐겨 보세요,,,Y,거짓_과장,0.72,,
cos-128,화장품,바디워시,포근 바디워시,감각,구호형,"향은 포근하게, 헹굼은 가뿐하게.",,,Y,거짓_과장 소비자_기만,0.71,,
cos-129,화장품,바디워시,포근 바디워시,원료 이야기,명사형,올리브오일과 귀리추출물을 담은 바디워시,,,Y,거짓_과장,0.78,,
cos-130,화장품,바디워시,포근 바디워시,원료 이야기,해요체,글리세린이 들어 있어 씻고 난 살결이 촉촉해요,Y,,Y,거짓_과장,0.5,,
cos-131,화장품,바디워시,포근 바디워시,원료 이야기,권유형,귀리추출물을 넣은 거품으로 샤워해 보세요,,,Y,거짓_과장,0.64,,
cos-132,화장품,바디워시,포근 바디워시,원료 이야기,구호형,"귀리 한 줌 담아, 거품 한가득.",,,Y,거짓_과장,0.73,,
cos-133,화장품,바디워시,포근 바디워시,대상,명사형,비누 향이 나는 욕실을 좋아하는 분의 바디워시,,,Y,거짓_과장,0.54,,
cos-134,화장품,바디워시,포근 바디워시,대상,해요체,샤워 시간을 하루의 쉼표로 여기는 분께 어울려요,,,,,0.2,,
cos-135,화장품,바디워시,포근 바디워시,대상,권유형,짙은 향이 부담스럽다면 비누 향으로 골라 보세요,,,Y,거짓_과장 소비자_기만,0.52,,
cos-136,화장품,바디워시,포근 바디워시,대상,구호형,"비누 향 취향, 저녁 샤워의 단짝.",,,Y,거짓_과장,0.63,,
cos-137,화장품,바디워시,포근 바디워시,제품 사실,명사형,욕실 바닥에 세워 두는 400ml 펌프 용기,,,Y,거짓_과장,0.61,,
cos-138,화장품,바디워시,포근 바디워시,제품 사실,해요체,뚜껑을 왼쪽으로 돌리면 펌프가 올라와요,,,Y,거짓_과장,0.8,,
cos-139,화장품,바디워시,포근 바디워시,제품 사실,권유형,눈에 들어가면 바로 물로 씻어 내세요,,,Y,거짓_과장,0.46,,
cos-140,화장품,바디워시,포근 바디워시,제품 사실,구호형,400ml 한 통. 펌프 두 번이면 충분.,,,Y,거짓_과장,0.51,,
cos-141,화장품,핸드크림,손끝 핸드크림,사용 장면,명사형,손을 씻고 난 뒤마다 바르는 핸드크림,,,Y,거짓_과장,0.7,,
cos-142,화장품,핸드크림,손끝 핸드크림,사용 장면,해요체,책상 서랍에 넣어 두고 일하다가 꺼내 발라요,,,,,0.38,,
cos-143,화장품,핸드크림,손끝 핸드크림,사용 장면,권유형,설거지를 마친 뒤 손등부터 문질러 보세요,,,Y,거짓_과장,0.68,,
cos-144,화장품,핸드크림,손끝 핸드크림,사용 장면,구호형,"손 씻고 한 번, 퇴근길에 한 번.",,,Y,거짓_과장,0.49,,
cos-145,화장품,핸드크림,손끝 핸드크림,감각,명사형,바른 뒤 바로 키보드를 만져도 미끄럽지 않은 마무리,,,Y,거짓_과장,0.82,,
cos-146,화장품,핸드크림,손끝 핸드크림,감각,해요체,무화과 향이 손끝에 은은하게 남아요,,,Y,거짓_과장,0.74,,
cos-147,화장품,핸드크림,손끝 핸드크림,감각,권유형,손톱 주변까지 꼼꼼히 펴 발라 보세요,,,Y,거짓_과장,0.55,,
cos-148,화장품,핸드크림,손끝 핸드크림,감각,구호형,"쫀쫀하게 발리고, 보송하게 끝난다.",,,Y,거짓_과장,0.75,,
cos-149,화장품,핸드크림,손끝 핸드크림,원료 이야기,명사형,시어버터와 아르간오일을 담은 핸드크림,,,Y,거짓_과장,0.73,,
cos-150,화장품,핸드크림,손끝 핸드크림,원료 이야기,해요체,글리세린을 넣어 손이 촉촉하게 느껴져요,,,Y,거짓_과장,0.61,,
cos-151,화장품,핸드크림,손끝 핸드크림,원료 이야기,권유형,시어버터가 든 크림을 손바닥 온기로 녹여 발라 보세요,,,Y,소비자_기만,0.6,,
cos-152,화장품,핸드크림,손끝 핸드크림,원료 이야기,구호형,"아르간오일 더한 크림, 손등 위에 한 줄.",,,Y,거짓_과장 소비자_기만,0.59,,
cos-153,화장품,핸드크림,손끝 핸드크림,대상,명사형,과일 향 핸드크림을 모으는 분의 무화과 향,,,,,0.37,,
cos-154,화장품,핸드크림,손끝 핸드크림,대상,해요체,손을 자주 씻는 일을 하는 분께 잘 어울려요,,,,,0.2,,
cos-155,화장품,핸드크림,손끝 핸드크림,대상,권유형,가방 속 소지품을 작게 꾸리는 분이라면 넣어 보세요,,,,,0.28,,
cos-156,화장품,핸드크림,손끝 핸드크림,대상,구호형,"무화과 향 취향, 손끝의 작은 사치.",,,Y,거짓_과장,0.77,,
cos-157,화장품,핸드크림,손끝 핸드크림,제품 사실,명사형,뚜껑을 여닫는 30ml 알루미늄 튜브,,,Y,거짓_과장,0.82,,
cos-158,화장품,핸드크림,손끝 핸드크림,제품 사실,해요체,끝에서부터 말아 올리면 남김없이 쓸 수 있어요,,,Y,거짓_과장,0.76,,
cos-159,화장품,핸드크림,손끝 핸드크림,제품 사실,권유형,콩알만큼 짜서 양손에 나눠 바르세요,,,,,0.39,,
cos-160,화장품,핸드크림,손끝 핸드크림,제품 사실,구호형,30ml 튜브. 코트 주머니에도 들어간다.,,,Y,거짓_과장 소비자_기만,0.61,,
cos-161,화장품,마스크팩,하루끝 마스크팩,사용 장면,명사형,세안과 토너 다음 순서에 올리는 시트 마스크,,,Y,거짓_과장,0.77,,
cos-162,화장품,마스크팩,하루끝 마스크팩,사용 장면,해요체,주말 저녁 영화 한 편 틀어 놓고 붙여요,,,Y,소비자_기만,0.65,,
cos-163,화장품,마스크팩,하루끝 마스크팩,사용 장면,권유형,중요한 약속 전날 밤에 한 장 꺼내 보세요,,,Y,거짓_과장 소비자_기만,0.7,,
cos-164,화장품,마스크팩,하루끝 마스크팩,사용 장면,구호형,"토너 다음 한 장, 그리고 크림.",,,Y,거짓_과장 소비자_기만,0.62,,
cos-165,화장품,마스크팩,하루끝 마스크팩,감각,명사형,얼굴 굴곡을 따라 착 감기는 얇은 시트,,,Y,거짓_과장,0.62,,
cos-166,화장품,마스크팩,하루끝 마스크팩,감각,해요체,에센스가 넉넉히 적셔져 있어 묵직하게 촉촉해요,,,Y,거짓_과장 소비자_기만,0.68,,
cos-167,화장품,마스크팩,하루끝 마스크팩,감각,권유형,냉장고에 잠깐 넣었다가 시원하게 붙여 보세요,,,,,0.44,,
cos-168,화장품,마스크팩,하루끝 마스크팩,감각,구호형,"얇게 붙고, 촉촉하게 머문다.",,,Y,거짓_과장,0.71,,
cos-169,화장품,마스크팩,하루끝 마스크팩,원료 이야기,명사형,히알루론산과 대나무수를 담은 마스크팩,,,Y,거짓_과장,0.69,,
cos-170,화장품,마스크팩,하루끝 마스크팩,원료 이야기,해요체,알로에베라잎추출물을 넣은 에센스로 적셨어요,,,Y,소비자_기만,0.59,,
cos-171,화장품,마스크팩,하루끝 마스크팩,원료 이야기,권유형,대나무수를 담은 에센스를 시트 가득 느껴 보세요,,,Y,거짓_과장 소비자_기만,0.67,,
cos-172,화장품,마스크팩,하루끝 마스크팩,원료 이야기,구호형,"대나무수 머금은 시트, 히알루론산 담은 에센스.",,,Y,거짓_과장,0.7,,
cos-173,화장품,마스크팩,하루끝 마스크팩,대상,명사형,혼자만의 저녁 시간을 아끼는 분의 한 장,,,Y,거짓_과장,0.41,,
cos-174,화장품,마스크팩,하루끝 마스크팩,대상,해요체,물기 많은 시트를 좋아하는 분께 잘 맞아요,,,,,0.22,,
cos-175,화장품,마스크팩,하루끝 마스크팩,대상,권유형,집에서 가볍게 홈케어를 즐긴다면 서랍에 채워 두세요,,,Y,거짓_과장 소비자_기만,0.69,,
cos-176,화장품,마스크팩,하루끝 마스크팩,대상,구호형,"조용한 저녁 취향, 한 장의 여유.",,,Y,거짓_과장,0.61,,
cos-177,화장품,마스크팩,하루끝 마스크팩,제품 사실,명사형,한 장씩 낱개 포장한 25ml 시트 마스크,,,Y,거짓_과장 소비자_기만,0.6,,
cos-178,화장품,마스크팩,하루끝 마스크팩,제품 사실,해요체,붙이고 십오 분쯤 뒤에 떼어 내면 돼요,,,Y,거짓_과장 소비자_기만,0.73,,
cos-179,화장품,마스크팩,하루끝 마스크팩,제품 사실,권유형,떼어 낸 뒤 남은 에센스는 손으로 두드려 주세요,,,Y,소비자_기만,0.71,,
cos-180,화장품,마스크팩,하루끝 마스크팩,제품 사실,구호형,한 장에 25ml. 뜯어서 바로 붙이기.,,,Y,거짓_과장 소비자_기만,0.58,,
cos-181,화장품,바디로션,보들 바디로션,사용 장면,명사형,샤워를 마치고 물기를 닦은 뒤 바르는 바디로션,,,Y,거짓_과장,0.67,,
cos-182,화장품,바디로션,보들 바디로션,사용 장면,해요체,잠옷으로 갈아입기 전에 팔다리에 펴 발라요,,,,,0.29,,
cos-183,화장품,바디로션,보들 바디로션,사용 장면,권유형,환절기에는 아침저녁으로 두 번 발라 보세요,,,,,0.46,,
cos-184,화장품,바디로션,보들 바디로션,사용 장면,구호형,"수건으로 톡톡, 그다음 로션.",,,Y,거짓_과장 소비자_기만,0.77,,
cos-185,화장품,바디로션,보들 바디로션,감각,명사형,우유처럼 묽게 흘러 넓게 펴지는 로션,,,Y,거짓_과장,0.69,,
cos-186,화장품,바디로션,보들 바디로션,감각,해요체,금방 스며들어 바르고 곧 옷을 입기 편해요,Y,,Y,거짓_과장,0.51,,
cos-187,화장품,바디로션,보들 바디로션,감각,권유형,은은한 머스크 향을 살결에 입혀 보세요,,,Y,거짓_과장,0.63,,
cos-188,화장품,바디로션,보들 바디로션,감각,구호형,"묽게 펴지고, 보들하게 남는다.",,,Y,거짓_과장,0.69,,
cos-189,화장품,바디로션,보들 바디로션,원료 이야기,명사형,시어버터와 마카다미아씨오일을 담은 로션,,,Y,거짓_과장,0.72,,
cos-190,화장품,바디로션,보들 바디로션,원료 이야기,해요체,글리세린을 더해 보습감을 채웠어요,,,Y,거짓_과장,0.67,,
cos-191,화장품,바디로션,보들 바디로션,원료 이야기,권유형,마카다미아씨오일이 든 로션으로 팔꿈치를 감싸 보세요,,,Y,거짓_과장,0.56,,
cos-192,화장품,바디로션,보들 바디로션,원료 이야기,구호형,"오일은 마카다미아, 버터는 시어.",,,Y,거짓_과장,0.67,,
cos-193,화장품,바디로션,보들 바디로션,대상,명사형,묽게 펴지는 제형을 즐겨 쓰는 분의 바디로션,,,Y,거짓_과장,0.51,,
cos-194,화장품,바디로션,보들 바디로션,대상,해요체,샤워 뒤 향이 살짝 남는 걸 좋아하는 분께 어울려요,,,,,0.16,,
cos-195,화장품,바디로션,보들 바디로션,대상,권유형,머스크 향을 좋아한다면 침대 옆 협탁에 두어 보세요,,,Y,거짓_과장 소비자_기만,0.54,,
cos-196,화장품,바디로션,보들 바디로션,대상,구호형,"가벼운 로션 취향, 머스크 한 겹.",,,Y,거짓_과장 소비자_기만,0.69,,
cos-197,화장품,바디로션,보들 바디로션,제품 사실,명사형,한 손으로 누르는 300ml 펌프형 로션,,,Y,거짓_과장 소비자_기만,0.72,,
cos-198,화장품,바디로션,보들 바디로션,제품 사실,해요체,펌프를 반만 눌러 양을 조절할 수 있어요,,,Y,거짓_과장,0.45,,
cos-199,화장품,바디로션,보들 바디로션,제품 사실,권유형,여행 갈 때는 펌프를 잠가서 가방에 넣으세요,,,Y,소비자_기만,0.54,,
cos-200,화장품,바디로션,보들 바디로션,제품 사실,구호형,"300ml 펌프. 누르고, 펴 바르고.",,,Y,거짓_과장 소비자_기만,0.64,,
cos-201,화장품,클렌징오일,올리브뜰 클렌징오일,사용 장면,명사형,메이크업을 지우는 저녁 세안 첫 단계의 오일,,,Y,거짓_과장 소비자_기만,0.87,,
cos-202,화장품,클렌징오일,올리브뜰 클렌징오일,사용 장면,해요체,마른 손에 덜어 마른 얼굴에 먼저 문질러요,,,Y,거짓_과장,0.67,,
cos-203,화장품,클렌징오일,올리브뜰 클렌징오일,사용 장면,권유형,진한 화장을 한 날에는 폼 세안 전에 써 보세요,,,Y,소비자_기만,0.51,,
cos-204,화장품,클렌징오일,올리브뜰 클렌징오일,사용 장면,구호형,"오일 먼저, 거품은 그다음.",,,Y,거짓_과장 소비자_기만,0.83,,
cos-205,화장품,클렌징오일,올리브뜰 클렌징오일,감각,명사형,물을 만나면 뽀얗게 변하는 묽은 오일,,,Y,거짓_과장,0.6,,
cos-206,화장품,클렌징오일,올리브뜰 클렌징오일,감각,해요체,미끈거림을 남기지 않고 물에 말끔히 헹궈져요,Y,,Y,거짓_과장,0.66,,
cos-207,화장품,클렌징오일,올리브뜰 클렌징오일,감각,권유형,코 옆을 손끝으로 굴리듯 부드럽게 문질러 보세요,,,Y,거짓_과장,0.79,,
cos-208,화장품,클렌징오일,올리브뜰 클렌징오일,감각,구호형,"미끄럽게 녹이고, 가볍게 헹군다.",,,Y,거짓_과장,0.62,,
cos-209,화장품,클렌징오일,올리브뜰 클렌징오일,원료 이야기,명사형,올리브오일과 호호바씨오일을 담은 클렌징오일,,,Y,거짓_과장,0.66,,
cos-210,화장품,클렌징오일,올리브뜰 클렌징오일,원료 이야기,해요체,해바라기씨오일과 포도씨오일도 함께 넣었어요,,,Y,거짓_과장,0.49,,
cos-211,화장품,클렌징오일,올리브뜰 클렌징오일,원료 이야기,권유형,네 가지 식물 오일을 섞은 한 병으로 화장을 지워 보세요,,,,,0.43,,
cos-212,화장품,클렌징오일,올리브뜰 클렌징오일,원료 이야기,구호형,"올리브에서 한 방울, 포도씨에서 한 방울.",,,Y,거짓_과장,0.48,,
cos-213,화장품,클렌징오일,올리브뜰 클렌징오일,대상,명사형,묽고 가벼운 오일을 좋아하는 분의 클렌저,,,Y,거짓_과장,0.62,,
cos-214,화장품,클렌징오일,올리브뜰 클렌징오일,대상,해요체,화장을 매일 하는 분의 세면대에 잘 어울려요,,,Y,거짓_과장,0.49,,
cos-215,화장품,클렌징오일,올리브뜰 클렌징오일,대상,권유형,손으로 천천히 문지르는 세안을 좋아한다면 써 보세요,,,,,0.49,,
cos-216,화장품,클렌징오일,올리브뜰 클렌징오일,대상,구호형,"진한 화장을 즐긴 날, 오일 한 펌프.",,,Y,거짓_과장,0.6,,
cos-217,화장품,클렌징오일,올리브뜰 클렌징오일,제품 사실,명사형,잠금 장치가 달린 200ml 펌프 용기,,,Y,거짓_과장 소비자_기만,0.71,,
cos-218,화장품,클렌징오일,올리브뜰 클렌징오일,제품 사실,해요체,두세 번 펌프하면 얼굴 전체에 쓰기 알맞아요,,,Y,거짓_과장,0.42,,
cos-219,화장품,클렌징오일,올리브뜰 클렌징오일,제품 사실,권유형,물기 없는 손으로 덜어야 한다는 점을 기억하세요,,,Y,거짓_과장,0.68,,
cos-220,화장품,클렌징오일,올리브뜰 클렌징오일,제품 사실,구호형,"200ml 한 병. 펌프 세 번, 헹굼 한 번.",,,,,0.32,,
cos-221,화장품,헤어트리트먼트,나무빗 헤어트리트먼트,사용 장면,명사형,샴푸 뒤 물기를 짜낸 머리에 바르는 트리트먼트,,,Y,거짓_과장,0.64,,
cos-222,화장품,헤어트리트먼트,나무빗 헤어트리트먼트,사용 장면,해요체,바르고 나서 잠깐 두는 사이에 몸을 씻어요,,,,,0.38,,
cos-223,화장품,헤어트리트먼트,나무빗 헤어트리트먼트,사용 장면,권유형,일주일에 두세 번 샴푸 다음 단계로 써 보세요,,,Y,소비자_기만,0.58,,
cos-224,화장품,헤어트리트먼트,나무빗 헤어트리트먼트,사용 장면,구호형,"샴푸 다음, 헹굼 전 잠깐.",,,Y,거짓_과장 소비자_기만,0.55,,
cos-225,화장품,헤어트리트먼트,나무빗 헤어트리트먼트,감각,명사형,꾸덕하게 떠지는 진한 크림 제형,,,Y,거짓_과장 소비자_기만,0.56,,
cos-226,화장품,헤어트리트먼트,나무빗 헤어트리트먼트,감각,해요체,헹굴 때 손가락이 머리카락 사이로 매끄럽게 지나가요,,,Y,거짓_과장,0.63,,
cos-227,화장품,헤어트리트먼트,나무빗 헤어트리트먼트,감각,권유형,모발 끝에 듬뿍 올려 손으로 쓸어내려 보세요,,,Y,거짓_과장,0.55,,
cos-228,화장품,헤어트리트먼트,나무빗 헤어트리트먼트,감각,구호형,"꾸덕하게 바르고, 찰랑하게 헹군다.",,,Y,거짓_과장,0.66,,
cos-229,화장품,헤어트리트먼트,나무빗 헤어트리트먼트,원료 이야기,명사형,아르간오일과 동백오일을 담은 트리트먼트,,,Y,거짓_과장,0.72,,
cos-230,화장품,헤어트리트먼트,나무빗 헤어트리트먼트,원료 이야기,해요체,가수분해 케라틴과 실크아미노산이 들어 있어요,,,Y,거짓_과장,0.4,,
cos-231,화장품,헤어트리트먼트,나무빗 헤어트리트먼트,원료 이야기,권유형,동백오일을 넣은 크림을 머리끝에 발라 보세요,,,Y,거짓_과장 소비자_기만,0.64,,
cos-232,화장품,헤어트리트먼트,나무빗 헤어트리트먼트,원료 이야기,구호형,"케라틴 담은 크림, 머리끝까지 듬뿍.",,,Y,거짓_과장 소비자_기만,0.54,,
cos-233,화장품,헤어트리트먼트,나무빗 헤어트리트먼트,대상,명사형,긴 머리를 정성껏 가꾸는 분의 욕실 단골,,,Y,거짓_과장,0.7,,
cos-234,화장품,헤어트리트먼트,나무빗 헤어트리트먼트,대상,해요체,드라이어와 고데기를 자주 쓰는 분께 어울려요,,,,,0.22,,
cos-235,화장품,헤어트리트먼트,나무빗 헤어트리트먼트,대상,권유형,차분하게 떨어지는 머릿결을 좋아한다면 써 보세요,,,,,0.41,,
cos-236,화장품,헤어트리트먼트,나무빗 헤어트리트먼트,대상,구호형,"긴 머리 취향, 넉넉한 한 통.",,,Y,거짓_과장,0.65,,
cos-237,화장품,헤어트리트먼트,나무빗 헤어트리트먼트,제품 사실,명사형,손으로 떠서 쓰는 250ml 넓은 입구 단지,,,Y,거짓_과장,0.75,,
cos-238,화장품,헤어트리트먼트,나무빗 헤어트리트먼트,제품 사실,해요체,두피는 피하고 귀 아래 머리카락에만 발라요,,,,,0.35,,
cos-239,화장품,헤어트리트먼트,나무빗 헤어트리트먼트,제품 사실,권유형,바른 다음 미온수로 충분히 헹궈 내세요,,,,,0.39,,
cos-240,화장품,헤어트리트먼트,나무빗 헤어트리트먼트,제품 사실,구호형,250ml 단지. 한 번에 호두알만큼.,,,Y,거짓_과장,0.53,,
cos-241,화장품,쿠션 파운데이션,살구 쿠션,사용 장면,명사형,기초 화장을 마친 뒤 얼굴에 두드리는 쿠션,,,Y,거짓_과장,0.69,,
cos-242,화장품,쿠션 파운데이션,살구 쿠션,사용 장면,해요체,외출 중 화장을 고칠 때 거울을 보며 덧발라요,,,Y,거짓_과장,0.59,,
cos-243,화장품,쿠션 파운데이션,살구 쿠션,사용 장면,권유형,크림이 충분히 스민 다음에 퍼프로 두드려 보세요,,,Y,소비자_기만,0.73,,
cos-244,화장품,쿠션 파운데이션,살구 쿠션,사용 장면,구호형,"스킨케어 끝, 메이크업 시작.",,,Y,거짓_과장 소비자_기만,0.88,,
cos-245,화장품,쿠션 파운데이션,살구 쿠션,감각,명사형,얇고 가볍게 밀착되는 촉촉한 제형,,,Y,거짓_과장,0.88,,
cos-246,화장품,쿠션 파운데이션,살구 쿠션,감각,해요체,퍼프로 두드리면 은은한 윤기가 올라와요,,,Y,거짓_과장 소비자_기만,0.67,,
cos-247,화장품,쿠션 파운데이션,살구 쿠션,감각,권유형,볼 안쪽부터 얇게 여러 번 올려 보세요,,,Y,거짓_과장,0.52,,
cos-248,화장품,쿠션 파운데이션,살구 쿠션,감각,구호형,"얇게 올리고, 윤기 있게 마무리.",,,Y,거짓_과장,0.76,,
cos-249,화장품,쿠션 파운데이션,살구 쿠션,원료 이야기,명사형,히알루론산과 스쿠알란을 담은 쿠션,,,Y,거짓_과장,0.69,,
cos-250,화장품,쿠션 파운데이션,살구 쿠션,원료 이야기,해요체,글리세린을 넣어 바를 때 촉촉하게 느껴져요,,,Y,거짓_과장,0.63,,
cos-251,화장품,쿠션 파운데이션,살구 쿠션,원료 이야기,권유형,호호바씨오일이 든 쿠션으로 화장을 시작해 보세요,,,Y,거짓_과장 소비자_기만,0.64,,
cos-252,화장품,쿠션 파운데이션,살구 쿠션,원료 이야기,구호형,스쿠알란을 담았다. 발림은 촉촉하다.,,,Y,거짓_과장,0.67,,
cos-253,화장품,쿠션 파운데이션,살구 쿠션,대상,명사형,얇은 피부 표현을 좋아하는 분의 파우치 속 쿠션,,,Y,거짓_과장,0.59,,
cos-254,화장품,쿠션 파운데이션,살구 쿠션,대상,해요체,윤기 도는 메이크업을 즐기는 분께 잘 어울려요,,,,,0.22,,
cos-255,화장품,쿠션 파운데이션,살구 쿠션,대상,권유형,파우치를 가볍게 들고 다니고 싶다면 하나만 챙겨 보세요,,,Y,소비자_기만,0.58,,
cos-256,화장품,쿠션 파운데이션,살구 쿠션,대상,구호형,"얇은 화장 취향, 거울 달린 한 통.",,,Y,거짓_과장,0.69,,
cos-257,화장품,쿠션 파운데이션,살구 쿠션,제품 사실,명사형,거울과 퍼프가 든 15g 쿠션 케이스,,,Y,거짓_과장 소비자_기만,0.63,,
cos-258,화장품,쿠션 파운데이션,살구 쿠션,제품 사실,해요체,색상은 밝은 베이지와 중간 베이지 두 가지예요,Y,,Y,거짓_과장,0.65,,
cos-259,화장품,쿠션 파운데이션,살구 쿠션,제품 사실,권유형,퍼프는 미지근한 물에 빨아 말려서 쓰세요,,,Y,소비자_기만,0.56,,
cos-260,화장품,쿠션 파운데이션,살구 쿠션,제품 사실,구호형,15g 본품. 리필은 갈아 끼워서.,Y,,Y,거짓_과장 소비자_기만,0.52,,
cos-261,화장품,바디미스트,들꽃 바디미스트,사용 장면,명사형,샤워를 마친 몸에 가볍게 뿌리는 바디미스트,,,Y,거짓_과장,0.55,,
cos-262,화장품,바디미스트,들꽃 바디미스트,사용 장면,해요체,외출 준비를 하며 옷 입기 전 어깨와 팔에 뿌려요,,,,,0.44,,
cos-263,화장품,바디미스트,들꽃 바디미스트,사용 장면,권유형,운동 뒤 옷을 갈아입을 때 한두 번 뿌려 보세요,,,,,0.36,,
cos-264,화장품,바디미스트,들꽃 바디미스트,사용 장면,구호형,"샤워 뒤 한 번, 문 나서기 전 한 번.",,,Y,거짓_과장 소비자_기만,0.55,,
cos-265,화장품,바디미스트,들꽃 바디미스트,감각,명사형,들꽃과 풀잎이 섞인 듯한 가벼운 향,,,Y,거짓_과장 소비자_기만,0.66,,
cos-266,화장품,바디미스트,들꽃 바디미스트,감각,해요체,안개처럼 곱게 퍼져서 물방울이 맺히지 않아요,Y,,Y,거짓_과장,0.52,,
cos-267,화장품,바디미스트,들꽃 바디미스트,감각,권유형,허공에 뿌리고 그 아래를 지나가 보세요,,,Y,소비자_기만,0.61,,
cos-268,화장품,바디미스트,들꽃 바디미스트,감각,구호형,"곱게 퍼지고, 은은하게 스친다.",,,Y,거짓_과장,0.48,,
cos-269,화장품,바디미스트,들꽃 바디미스트,원료 이야기,명사형,알로에베라잎수와 글리세린을 담은 미스트,,,Y,거짓_과장,0.69,,
cos-270,화장품,바디미스트,들꽃 바디미스트,원료 이야기,해요체,장미수를 넣어 꽃향기를 더했어요,,,Y,거짓_과장 소비자_기만,0.63,,
cos-271,화장품,바디미스트,들꽃 바디미스트,원료 이야기,권유형,판테놀이 든 미스트를 팔과 다리에 뿌려 보세요,,,,,0.46,,
cos-272,화장품,바디미스트,들꽃 바디미스트,원료 이야기,구호형,"장미수 담은 물안개, 알로에 한 줄기.",,,Y,거짓_과장,0.54,,
cos-273,화장품,바디미스트,들꽃 바디미스트,대상,명사형,옅은 향을 여러 개 모아 두는 분의 바디미스트,,,Y,거짓_과장,0.55,,
cos-274,화장품,바디미스트,들꽃 바디미스트,대상,해요체,꽃향기를 가볍게 걸치고 싶은 날에 어울려요,,,,,0.28,,
cos-275,화장품,바디미스트,들꽃 바디미스트,대상,권유형,향수를 처음 써 보는 분이라면 미스트로 시작해 보세요,,,Y,거짓_과장,0.52,,
cos-276,화장품,바디미스트,들꽃 바디미스트,대상,구호형,"꽃향기 취향, 들꽃 한 다발.",,,Y,거짓_과장 소비자_기만,0.62,,
cos-277,화장품,바디미스트,들꽃 바디미스트,제품 사실,명사형,곱게 분사되는 100ml 스프레이 용기,,,Y,거짓_과장,0.68,,
cos-278,화장품,바디미스트,들꽃 바디미스트,제품 사실,해요체,몸에서 한 뼘쯤 떨어뜨려 뿌리면 고르게 닿아요,,,Y,거짓_과장 소비자_기만,0.53,,
cos-279,화장품,바디미스트,들꽃 바디미스트,제품 사실,권유형,얼굴에는 뿌리지 말고 몸에만 써 주세요,,,,,0.47,,
cos-280,화장품,바디미스트,들꽃 바디미스트,제품 사실,구호형,100ml 스프레이. 가방 옆주머니에.,,,Y,거짓_과장 소비자_기만,0.71,,
cos-281,화장품,풋크림,사뿐 풋크림,사용 장면,명사형,발을 씻고 말린 뒤 자기 전에 바르는 풋크림,,,Y,거짓_과장,0.58,,
cos-282,화장품,풋크림,사뿐 풋크림,사용 장면,해요체,샌들을 신는 계절에는 외출 전에도 발라요,,,,,0.36,,
cos-283,화장품,풋크림,사뿐 풋크림,사용 장면,권유형,족욕을 한 다음 발뒤꿈치에 듬뿍 발라 보세요,,,Y,거짓_과장,0.48,,
cos-284,화장품,풋크림,사뿐 풋크림,사용 장면,구호형,"발 씻고 크림 한 번, 그 위에 양말.",,,Y,소비자_기만,0.59,,
cos-285,화장품,풋크림,사뿐 풋크림,감각,명사형,페퍼민트 향이 시원하게 퍼지는 되직한 크림,,,Y,거짓_과장,0.65,,
cos-286,화장품,풋크림,사뿐 풋크림,감각,해요체,발뒤꿈치에 문지르면 매끈하게 감싸는 느낌이에요,,,Y,거짓_과장 소비자_기만,0.69,,
cos-287,화장품,풋크림,사뿐 풋크림,감각,권유형,발가락 사이까지 천천히 문질러 보세요,,,Y,거짓_과장 소비자_기만,0.66,,
cos-288,화장품,풋크림,사뿐 풋크림,감각,구호형,"되직하게 바르고, 시원하게 쉰다.",,,Y,거짓_과장,0.67,,
cos-289,화장품,풋크림,사뿐 풋크림,원료 이야기,명사형,우레아와 시어버터를 담은 풋크림,Y,,Y,거짓_과장,0.72,,
cos-290,화장품,풋크림,사뿐 풋크림,원료 이야기,해요체,페퍼민트오일을 넣어 향이 상쾌해요,,,Y,거짓_과장 소비자_기만,0.69,,
cos-291,화장품,풋크림,사뿐 풋크림,원료 이야기,권유형,글리세린이 든 크림으로 발등까지 넉넉히 발라 보세요,,,,,0.46,,
cos-292,화장품,풋크림,사뿐 풋크림,원료 이야기,구호형,"시어버터는 듬뿍, 페퍼민트는 살짝.",,,Y,거짓_과장,0.66,,
cos-293,화장품,풋크림,사뿐 풋크림,대상,명사형,하루 종일 서서 일하는 분의 저녁 크림,Y,,Y,거짓_과장,0.52,,
cos-294,화장품,풋크림,사뿐 풋크림,대상,해요체,민트처럼 시원한 향을 좋아하는 분께 맞아요,,,,,0.24,,
cos-295,화장품,풋크림,사뿐 풋크림,대상,권유형,걷기를 즐기는 분이라면 현관 옆에 두어 보세요,,,Y,거짓_과장,0.67,,
cos-296,화장품,풋크림,사뿐 풋크림,대상,구호형,"산책 취향, 저녁엔 발 크림.",,,Y,거짓_과장 소비자_기만,0.59,,
cos-297,화장품,풋크림,사뿐 풋크림,제품 사실,명사형,세워서 보관하는 80ml 뚜껑형 튜브,,,Y,거짓_과장,0.75,,
cos-298,화장품,풋크림,사뿐 풋크림,제품 사실,해요체,바른 뒤 면양말을 신고 자면 이불에 묻지 않아요,Y,,Y,거짓_과장,0.69,,
cos-299,화장품,풋크림,사뿐 풋크림,제품 사실,권유형,바르고 나면 미끄러우니 잠깐 앉아 계세요,,,,,0.38,,
cos-300,화장품,풋크림,사뿐 풋크림,제품 사실,구호형,80ml 튜브. 침대 머리맡에.,,,Y,거짓_과장,0.67,,
